shop_id,item_type,name,description,quantity,unit_price,unit_cost,part_number,supplier,category,labor_hours,warranty_period
d5e1aefa-87f4-4317-a184-d2407bf25c02,discount,$10 Off Coupon,$10 Off Coupon - Discount/Coupon,1,10,,,,discounts,,
d5e1aefa-87f4-4317-a184-d2407bf25c02,discount,$10 Off Coupon 1,$10 Off Coupon 1 - Discount/Coupon,1,10,,,,discounts,,
d5e1aefa-87f4-4317-a184-d2407bf25c02,discount,$10 Off Coupon 2,$10 Off Coupon 2 - Discount/Coupon,1,10,,,,discounts,,
d5e1aefa-87f4-4317-a184-d2407bf25c02,service,205/55/16 Wanli,205/55/16 Wanli - Complete service package,1,50,33,,,general,1.5,
d5e1aefa-87f4-4317-a184-d2407bf25c02,service,A/C Accumulator,A/C Accumulator - Complete service package,1,150,98,,,air_conditioning,1.5,
d5e1aefa-87f4-4317-a184-d2407bf25c02,part,A/C Compressor Replacement,A/C Compressor Replacement - Quality automotive part,1,549.99,357,PN-ACCOMPRE,Local Supplier,engine,,12 months
d5e1aefa-87f4-4317-a184-d2407bf25c02,service,A/C Control Unit,A/C Control Unit - Complete service package,1,200,130,,,suspension,1.5,
d5e1aefa-87f4-4317-a184-d2407bf25c02,labor,A/C Drier Replacement,Professional a/c drier replacement service,1,100,65,,,engine,1.5,
d5e1aefa-87f4-4317-a184-d2407bf25c02,labor,A/C Evaporative Core Replacement,Professional a/c evaporative core replacement service,1,300,195,,,engine,1.5,
d5e1aefa-87f4-4317-a184-d2407bf25c02,part,A/C Expansion Valve Replacement,A/C Expansion Valve Replacement - Quality automotive part,1,80,52,PN-ACEXPANS,Local Supplier,engine,,12 months
d5e1aefa-87f4-4317-a184-d2407bf25c02,service,A/C Gas Refill,A/C Gas Refill - Complete service package,1,119.99,78,,,engine,1.5,
d5e1aefa-87f4-4317-a184-d2407bf25c02,part,A/C Line Fix,A/C Line Fix - Quality automotive part,1,75,49,PN-ACLINEFI,Local Supplier,transmission,,12 months
d5e1aefa-87f4-4317-a184-d2407bf25c02,part,A/C Line replacement,A/C Line replacement - Quality automotive part,1,120,78,PN-ACLINERE,Local Supplier,engine,,12 months
d5e1aefa-87f4-4317-a184-d2407bf25c02,part,A/C Pressure Switch Replacement,A/C Pressure Switch Replacement - Quality automotive part,1,60,39,PN-ACPRESSU,Local Supplier,engine,,12 months
d5e1aefa-87f4-4317-a184-d2407bf25c02,labor,A/C Refrigerant Service,Professional a/c refrigerant service service,1,119.99,78,,,engine,1.5,
d5e1aefa-87f4-4317-a184-d2407bf25c02,labor,A/C Relay Replacement,Professional a/c relay replacement service,1,40,26,,,engine,1.5,
d5e1aefa-87f4-4317-a184-d2407bf25c02,part,A/C Stop Leak Service,A/C Stop Leak Service - Quality automotive part,1,25,16,PN-ACSTOPLE,Local Supplier,engine,,12 months
d5e1aefa-87f4-4317-a184-d2407bf25c02,part,A/C Valves Replacement,A/C Valves Replacement - Quality automotive part,1,90,59,PN-ACVALVES,Local Supplier,engine,,12 months
d5e1aefa-87f4-4317-a184-d2407bf25c02,labor,A/C check,Professional a/c check service,1,50,33,,,air_conditioning,1.5,
d5e1aefa-87f4-4317-a184-d2407bf25c02,part,ABS Module,ABS Module - Quality automotive part,1,200,130,PN-ABSMODUL,Local Supplier,electrical,,12 months
d5e1aefa-87f4-4317-a184-d2407bf25c02,labor,ABS RIngs Replacement,Professional abs rings replacement service,1,50,33,,,engine,1.5,
d5e1aefa-87f4-4317-a184-d2407bf25c02,service,Addition Oil - 1L,Addition Oil - 1L - Complete service package,1,10,7,,,engine,1.5,
d5e1aefa-87f4-4317-a184-d2407bf25c02,service,Additional Oil,Additional Oil - Complete service package,1,15,10,,,engine,1.5,
d5e1aefa-87f4-4317-a184-d2407bf25c02,part,Air Compressor Replacement,Air Compressor Replacement - Quality automotive part,1,300,195,PN-AIRCOMPR,Local Supplier,engine,,12 months
d5e1aefa-87f4-4317-a184-d2407bf25c02,labor,Air Conditioner O Rings Replacement,Professional air conditioner o rings replacement service,1,25,16,,,engine,1.5,
d5e1aefa-87f4-4317-a184-d2407bf25c02,part,Air Conditioner valves Replacement,Air Conditioner valves Replacement - Quality automotive part,1,80,52,PN-AIRCONDI,Local Supplier,engine,,12 months
d5e1aefa-87f4-4317-a184-d2407bf25c02,labor,Airbag Replacement,Professional airbag replacement service,1,400,260,,,engine,1.5,
d5e1aefa-87f4-4317-a184-d2407bf25c02,part,Alternator Replacement,Alternator Replacement - Quality automotive part,1,549.99,357,PN-ALTERNAT,Local Supplier,engine,,12 months
d5e1aefa-87f4-4317-a184-d2407bf25c02,part,Ambient Temperature Sensor Replacement,Ambient Temperature Sensor Replacement - Quality automotive part,1,60,39,PN-AMBIENTT,Local Supplier,engine,,12 months
d5e1aefa-87f4-4317-a184-d2407bf25c02,part,Axle Bearing Bracket Replacement,Axle Bearing Bracket Replacement - Quality automotive part,1,120,78,PN-AXLEBEAR,Local Supplier,engine,,12 months
d5e1aefa-87f4-4317-a184-d2407bf25c02,labor,BCM Replacement,Professional bcm replacement service,1,250,163,,,engine,1.5,
d5e1aefa-87f4-4317-a184-d2407bf25c02,labor,Back Camera Installation,Professional back camera installation service,1,150,98,,,brakes,1.5,
d5e1aefa-87f4-4317-a184-d2407bf25c02,part,Backing Plate Replacement,Backing Plate Replacement - Quality automotive part,1,80,52,PN-BACKINGP,Local Supplier,engine,,12 months
d5e1aefa-87f4-4317-a184-d2407bf25c02,part,Ball Joint Replacement,Ball Joint Replacement - Quality automotive part,1,180,117,PN-BALLJOIN,Local Supplier,engine,,12 months
d5e1aefa-87f4-4317-a184-d2407bf25c02,part,Battery Cable Replacement,Battery Cable Replacement - Quality automotive part,1,40,26,PN-BATTERYC,Local Supplier,engine,,12 months
d5e1aefa-87f4-4317-a184-d2407bf25c02,part,Battery Circuit Fuse Replacement,Battery Circuit Fuse Replacement - Quality automotive part,1,30,20,PN-BATTERYC,Local Supplier,engine,,12 months
d5e1aefa-87f4-4317-a184-d2407bf25c02,part,Battery Installation - Customer's own Part,Battery Installation - Customer's own Part - Quality automotive part,1,39.99,26,PN-BATTERYI,Local Supplier,brakes,,12 months
d5e1aefa-87f4-4317-a184-d2407bf25c02,part,Battery Replacement,Battery Replacement - Quality automotive part,1,219.99,143,PN-BATTERYR,Local Supplier,engine,,12 months
d5e1aefa-87f4-4317-a184-d2407bf25c02,part,Battery Sensor Replacement,Battery Sensor Replacement - Quality automotive part,1,50,33,PN-BATTERYS,Local Supplier,engine,,12 months
d5e1aefa-87f4-4317-a184-d2407bf25c02,part,Battery Terminals Replacement,Battery Terminals Replacement - Quality automotive part,1,35,23,PN-BATTERYT,Local Supplier,engine,,12 months
d5e1aefa-87f4-4317-a184-d2407bf25c02,part,Blend Door Actuator Replacement,Blend Door Actuator Replacement - Quality automotive part,1,50,33,PN-BLENDDOO,Local Supplier,engine,,12 months
d5e1aefa-87f4-4317-a184-d2407bf25c02,part,Blower Motor,Blower Motor - Quality automotive part,1,50,33,PN-BLOWERMO,Local Supplier,suspension,,12 months
d5e1aefa-87f4-4317-a184-d2407bf25c02,part,Blower Motor Resistor Replacement,Blower Motor Resistor Replacement - Quality automotive part,1,50,33,PN-BLOWERMO,Local Supplier,engine,,12 months
d5e1aefa-87f4-4317-a184-d2407bf25c02,part,Body Control Module Replacement,Body Control Module Replacement - Quality automotive part,1,50,33,PN-BODYCONT,Local Supplier,engine,,12 months
d5e1aefa-87f4-4317-a184-d2407bf25c02,package,Body Kit Installation,Body Kit Installation - Service package with multiple components,1,50,33,,,brakes,3,
d5e1aefa-87f4-4317-a184-d2407bf25c02,labor,Body Repair,Professional body repair service,1,50,33,,,engine,1.5,
d5e1aefa-87f4-4317-a184-d2407bf25c02,labor,Body Skirt Fix,Professional body skirt fix service,1,50,33,,,air_conditioning,1.5,
d5e1aefa-87f4-4317-a184-d2407bf25c02,part,Boost Pressure Sensor Replacement,Boost Pressure Sensor Replacement - Quality automotive part,1,50,33,PN-BOOSTPRE,Local Supplier,engine,,12 months
d5e1aefa-87f4-4317-a184-d2407bf25c02,service,Boot Button,Boot Button - Complete service package,1,50,33,,,general,1.5,
d5e1aefa-87f4-4317-a184-d2407bf25c02,part,Brake Caliper Replacement,Brake Caliper Replacement - Quality automotive part,1,50,33,PN-BRAKECAL,Local Supplier,engine,,12 months
d5e1aefa-87f4-4317-a184-d2407bf25c02,labor,Brake Fluid Replacement,Professional brake fluid replacement service,1,149.99,97,,,engine,0.5,
d5e1aefa-87f4-4317-a184-d2407bf25c02,package,Brake Hardware Kit,Brake Hardware Kit - Service package with multiple components,1,50,33,,,brakes,3,
d5e1aefa-87f4-4317-a184-d2407bf25c02,part,Brake Hose Replacement,Brake Hose Replacement - Quality automotive part,1,50,33,PN-BRAKEHOS,Local Supplier,engine,,12 months
d5e1aefa-87f4-4317-a184-d2407bf25c02,part,Brake Light Switch Replacement,Brake Light Switch Replacement - Quality automotive part,1,50,33,PN-BRAKELIG,Local Supplier,engine,,12 months
d5e1aefa-87f4-4317-a184-d2407bf25c02,part,Brake Lines Repair,Brake Lines Repair - Quality automotive part,1,50,33,PN-BRAKELIN,Local Supplier,engine,,12 months
d5e1aefa-87f4-4317-a184-d2407bf25c02,part,Brake Master Cylinder Replacement,Brake Master Cylinder Replacement - Quality automotive part,1,50,33,PN-BRAKEMAS,Local Supplier,engine,,12 months
d5e1aefa-87f4-4317-a184-d2407bf25c02,labor,Brake Service,Professional brake service service,1,50,33,,,engine,1.5,
d5e1aefa-87f4-4317-a184-d2407bf25c02,part,Brake Wear Sensor Replacement,Brake Wear Sensor Replacement - Quality automotive part,1,50,33,PN-BRAKEWEA,Local Supplier,engine,,12 months
d5e1aefa-87f4-4317-a184-d2407bf25c02,part,Brake vaccum Pump Replacement,Brake vaccum Pump Replacement - Quality automotive part,1,50,33,PN-BRAKEVAC,Local Supplier,engine,,12 months
d5e1aefa-87f4-4317-a184-d2407bf25c02,part,"Brakes & Rotors Replacement, Customer's own Parts","Brakes & Rotors Replacement, Customer's own Parts - Quality automotive part",1,50,33,PN-BRAKESRO,Local Supplier,engine,,12 months
d5e1aefa-87f4-4317-a184-d2407bf25c02,service,Bump Deflector,Bump Deflector - Complete service package,1,50,33,,,general,1.5,
d5e1aefa-87f4-4317-a184-d2407bf25c02,labor,Bumper Grill Replacement,Professional bumper grill replacement service,1,50,33,,,engine,1.5,
d5e1aefa-87f4-4317-a184-d2407bf25c02,part,Bumper Grill Upper,Bumper Grill Upper - Quality automotive part,1,50,33,PN-BUMPERGR,Local Supplier,suspension,,12 months
d5e1aefa-87f4-4317-a184-d2407bf25c02,labor,Bumper Repair,Professional bumper repair service,1,50,33,,,engine,1.5,
d5e1aefa-87f4-4317-a184-d2407bf25c02,labor,Bumper Replacement,Professional bumper replacement service,1,50,33,,,engine,1.5,
d5e1aefa-87f4-4317-a184-d2407bf25c02,labor,CV Axle Replacement,Professional cv axle replacement service,1,319.99,208,,,engine,1.5,
d5e1aefa-87f4-4317-a184-d2407bf25c02,part,CV Axle Replacement (Rear Right),CV Axle Replacement (Rear Right) - Quality automotive part,1,50,33,PN-CVAXLERE,Local Supplier,engine,,12 months
d5e1aefa-87f4-4317-a184-d2407bf25c02,part,CV Axle Seal Replacement (Right),CV Axle Seal Replacement (Right) - Quality automotive part,1,50,33,PN-CVAXLESE,Local Supplier,engine,,12 months
d5e1aefa-87f4-4317-a184-d2407bf25c02,part,CV Axle seal Replacement (Left),CV Axle seal Replacement (Left) - Quality automotive part,1,50,33,PN-CVAXLESE,Local Supplier,engine,,12 months
d5e1aefa-87f4-4317-a184-d2407bf25c02,part,Cabin Air Filter,Cabin Air Filter - Quality automotive part,1,39.99,26,PN-CABINAIR,Local Supplier,engine,,12 months
d5e1aefa-87f4-4317-a184-d2407bf25c02,package,Caliper Bolt Kit Replacement,Caliper Bolt Kit Replacement - Service package with multiple components,1,50,33,,,engine,3,
d5e1aefa-87f4-4317-a184-d2407bf25c02,part,Caliper Hose Replacement,Caliper Hose Replacement - Quality automotive part,1,50,33,PN-CALIPERH,Local Supplier,engine,,12 months
d5e1aefa-87f4-4317-a184-d2407bf25c02,part,Caliper Pin Boot Replacement,Caliper Pin Boot Replacement - Quality automotive part,1,50,33,PN-CALIPERP,Local Supplier,engine,,12 months
d5e1aefa-87f4-4317-a184-d2407bf25c02,part,Caliper Rebuilt,Caliper Rebuilt - Quality automotive part,1,50,33,PN-CALIPERR,Local Supplier,brakes,,12 months
d5e1aefa-87f4-4317-a184-d2407bf25c02,package,Camber Bolt Kit Replacement,Camber Bolt Kit Replacement - Service package with multiple components,1,50,33,,,engine,3,
d5e1aefa-87f4-4317-a184-d2407bf25c02,part,Camshaft Sensor Replacement,Camshaft Sensor Replacement - Quality automotive part,1,50,33,PN-CAMSHAFT,Local Supplier,engine,,12 months
d5e1aefa-87f4-4317-a184-d2407bf25c02,part,Canister Purge Valve Replacement,Canister Purge Valve Replacement - Quality automotive part,1,50,33,PN-CANISTER,Local Supplier,engine,,12 months
d5e1aefa-87f4-4317-a184-d2407bf25c02,service,Canister vent Solenoid,Canister vent Solenoid - Complete service package,1,50,33,,,general,1.5,
d5e1aefa-87f4-4317-a184-d2407bf25c02,labor,Carburator Cleaning,Professional carburator cleaning service,1,50,33,,,general,1.5,
d5e1aefa-87f4-4317-a184-d2407bf25c02,labor,Carburator Replacement,Professional carburator replacement service,1,50,33,,,engine,1.5,
d5e1aefa-87f4-4317-a184-d2407bf25c02,part,Catalytic Converter,Catalytic Converter - Quality automotive part,1,50,33,PN-CATALYTI,Local Supplier,air_conditioning,,12 months
d5e1aefa-87f4-4317-a184-d2407bf25c02,part,Catalytic Converter Assembly Replacement,Catalytic Converter Assembly Replacement - Quality automotive part,1,50,33,PN-CATALYTI,Local Supplier,engine,,12 months
d5e1aefa-87f4-4317-a184-d2407bf25c02,part,Catalytic Converter Assembly Replacement,Catalytic Converter Assembly Replacement - Quality automotive part,1,50,33,PN-CATALYTI,Local Supplier,engine,,12 months
d5e1aefa-87f4-4317-a184-d2407bf25c02,part,Catalytic Converter Replacement,Catalytic Converter Replacement - Quality automotive part,1,50,33,PN-CATALYTI,Local Supplier,engine,,12 months
d5e1aefa-87f4-4317-a184-d2407bf25c02,part,Catalytic Convertor,Catalytic Convertor - Quality automotive part,1,50,33,PN-CATALYTI,Local Supplier,air_conditioning,,12 months
d5e1aefa-87f4-4317-a184-d2407bf25c02,part,Catalytic Delete,Catalytic Delete - Quality automotive part,1,50,33,PN-CATALYTI,Local Supplier,air_conditioning,,12 months
d5e1aefa-87f4-4317-a184-d2407bf25c02,part,Check Engine Light,Check Engine Light - Quality automotive part,1,50,33,PN-CHECKENG,Local Supplier,engine,,12 months
d5e1aefa-87f4-4317-a184-d2407bf25c02,part,Clock Spring Replacement,Clock Spring Replacement - Quality automotive part,1,50,33,PN-CLOCKSPR,Local Supplier,engine,,12 months
d5e1aefa-87f4-4317-a184-d2407bf25c02,package,Clutch Kit Replacement,Clutch Kit Replacement - Service package with multiple components,1,50,33,,,engine,3,
d5e1aefa-87f4-4317-a184-d2407bf25c02,part,Compressor Belt Replacement,Compressor Belt Replacement - Quality automotive part,1,50,33,PN-COMPRESS,Local Supplier,engine,,12 months
d5e1aefa-87f4-4317-a184-d2407bf25c02,part,Control Arm Bushing Replacement,Control Arm Bushing Replacement - Quality automotive part,1,50,33,PN-CONTROLA,Local Supplier,engine,,12 months
d5e1aefa-87f4-4317-a184-d2407bf25c02,part,Control Arm Replacement,Control Arm Replacement - Quality automotive part,1,349.99,227,PN-CONTROLA,Local Supplier,engine,,12 months
d5e1aefa-87f4-4317-a184-d2407bf25c02,part,Control Arm With Ball Joint Replacement,Control Arm With Ball Joint Replacement - Quality automotive part,1,50,33,PN-CONTROLA,Local Supplier,engine,,12 months
d5e1aefa-87f4-4317-a184-d2407bf25c02,part,Control Arm with Ball-Joint Replacement,Control Arm with Ball-Joint Replacement - Quality automotive part,1,349.99,227,PN-CONTROLA,Local Supplier,engine,,12 months
d5e1aefa-87f4-4317-a184-d2407bf25c02,labor,Coolant Change,Professional coolant change service,1,50,33,,,engine,1.5,
d5e1aefa-87f4-4317-a184-d2407bf25c02,labor,Coolant Change Service,Professional coolant change service service,1,50,33,,,engine,1.5,
d5e1aefa-87f4-4317-a184-d2407bf25c02,labor,Coolant Flush,Professional coolant flush service,1,50,33,,,engine,1.5,
d5e1aefa-87f4-4317-a184-d2407bf25c02,part,Coolant Hose Connector Replacement,Coolant Hose Connector Replacement - Quality automotive part,1,50,33,PN-COOLANTH,Local Supplier,engine,,12 months
d5e1aefa-87f4-4317-a184-d2407bf25c02,part,Coolant Hose Repair,Coolant Hose Repair - Quality automotive part,1,50,33,PN-COOLANTH,Local Supplier,engine,,12 months
d5e1aefa-87f4-4317-a184-d2407bf25c02,part,Coolant Hose Replacement,Coolant Hose Replacement - Quality automotive part,1,50,33,PN-COOLANTH,Local Supplier,engine,,12 months
d5e1aefa-87f4-4317-a184-d2407bf25c02,part,Coolant Line Replacement,Coolant Line Replacement - Quality automotive part,1,50,33,PN-COOLANTL,Local Supplier,engine,,12 months
d5e1aefa-87f4-4317-a184-d2407bf25c02,labor,Coolant Reservoir Cap Replacement,Professional coolant reservoir cap replacement service,1,50,33,,,engine,0.5,
d5e1aefa-87f4-4317-a184-d2407bf25c02,labor,Coolant Reservoir Replacement,Professional coolant reservoir replacement service,1,50,33,,,engine,1.5,
d5e1aefa-87f4-4317-a184-d2407bf25c02,part,Coolant Temperature Sensor Replacement,Coolant Temperature Sensor Replacement - Quality automotive part,1,50,33,PN-COOLANTT,Local Supplier,engine,,12 months
d5e1aefa-87f4-4317-a184-d2407bf25c02,part,Coolant Top Up,Coolant Top Up - Quality automotive part,1,50,33,PN-COOLANTT,Local Supplier,engine,,12 months
d5e1aefa-87f4-4317-a184-d2407bf25c02,labor,Cowl Vent Panel Replacement,Professional cowl vent panel replacement service,1,50,33,,,engine,1.5,
d5e1aefa-87f4-4317-a184-d2407bf25c02,part,Crankshaft Position Sensor,Crankshaft Position Sensor - Quality automotive part,1,50,33,PN-CRANKSHA,Local Supplier,air_conditioning,,12 months
d5e1aefa-87f4-4317-a184-d2407bf25c02,part,Crankshaft Position Sensor Replacement,Crankshaft Position Sensor Replacement - Quality automotive part,1,50,33,PN-CRANKSHA,Local Supplier,engine,,12 months
d5e1aefa-87f4-4317-a184-d2407bf25c02,discount,Credit,Credit - Automotive service,1,50,33,,,fees,,
d5e1aefa-87f4-4317-a184-d2407bf25c02,part,D1S HID Bulbs (OEM),D1S HID Bulbs (OEM) - Quality automotive part,1,50,33,PN-D1SHIDBU,Local Supplier,general,,12 months
d5e1aefa-87f4-4317-a184-d2407bf25c02,part,DIesel Filter Replacement,DIesel Filter Replacement - Quality automotive part,1,50,33,PN-DIESELFI,Local Supplier,engine,,12 months
d5e1aefa-87f4-4317-a184-d2407bf25c02,labor,Dash Cam Installation,Professional dash cam installation service,1,50,33,,,brakes,1.5,
d5e1aefa-87f4-4317-a184-d2407bf25c02,labor,Dash Cam Replacement,Professional dash cam replacement service,1,50,33,,,engine,1.5,
d5e1aefa-87f4-4317-a184-d2407bf25c02,labor,Diagnostics,Professional diagnostics service,1,150,98,,,maintenance,1.5,
d5e1aefa-87f4-4317-a184-d2407bf25c02,labor,Differential Fluid Change Service,Professional differential fluid change service service,1,50,33,,,engine,0.5,
d5e1aefa-87f4-4317-a184-d2407bf25c02,labor,Differential Replacement,Professional differential replacement service,1,50,33,,,engine,1.5,
d5e1aefa-87f4-4317-a184-d2407bf25c02,part,Differential Seal Replacement,Differential Seal Replacement - Quality automotive part,1,50,33,PN-DIFFEREN,Local Supplier,engine,,12 months
d5e1aefa-87f4-4317-a184-d2407bf25c02,labor,Dip Stick Tube Replacement,Professional dip stick tube replacement service,1,50,33,,,engine,1.5,
d5e1aefa-87f4-4317-a184-d2407bf25c02,labor,Dipstick Replacement,Professional dipstick replacement service,1,50,33,,,engine,1.5,
d5e1aefa-87f4-4317-a184-d2407bf25c02,part,Direct Injection Fuel Pump Replacement,Direct Injection Fuel Pump Replacement - Quality automotive part,1,50,33,PN-DIRECTIN,Local Supplier,engine,,12 months
d5e1aefa-87f4-4317-a184-d2407bf25c02,part,Door Actuator Replacement (RL),Door Actuator Replacement (RL) - Quality automotive part,1,50,33,PN-DOORACTU,Local Supplier,engine,,12 months
d5e1aefa-87f4-4317-a184-d2407bf25c02,part,Door Actuator Replacement (RR),Door Actuator Replacement (RR) - Quality automotive part,1,50,33,PN-DOORACTU,Local Supplier,engine,,12 months
d5e1aefa-87f4-4317-a184-d2407bf25c02,part,Door Actuator Replacement (Right Side),Door Actuator Replacement (Right Side) - Quality automotive part,1,50,33,PN-DOORACTU,Local Supplier,engine,,12 months
d5e1aefa-87f4-4317-a184-d2407bf25c02,labor,Door Latch Replacement,Professional door latch replacement service,1,50,33,,,engine,1.5,
d5e1aefa-87f4-4317-a184-d2407bf25c02,part,Door Mirror Assembly,Door Mirror Assembly - Quality automotive part,1,50,33,PN-DOORMIRR,Local Supplier,air_conditioning,,12 months
d5e1aefa-87f4-4317-a184-d2407bf25c02,labor,Door Mirror Glass Installation,Professional door mirror glass installation service,1,50,33,,,brakes,1.5,
d5e1aefa-87f4-4317-a184-d2407bf25c02,part,Door Module Replacement,Door Module Replacement - Quality automotive part,1,50,33,PN-DOORMODU,Local Supplier,engine,,12 months
d5e1aefa-87f4-4317-a184-d2407bf25c02,labor,Door Replacement,Professional door replacement service,1,50,33,,,engine,1.5,
d5e1aefa-87f4-4317-a184-d2407bf25c02,part,Drain Plug Gasket Replacement,Drain Plug Gasket Replacement - Quality automotive part,1,50,33,PN-DRAINPLU,Local Supplier,engine,,12 months
d5e1aefa-87f4-4317-a184-d2407bf25c02,labor,Drain Plug Replacement,Professional drain plug replacement service,1,50,33,,,engine,1.5,
d5e1aefa-87f4-4317-a184-d2407bf25c02,part,Driver Seat Replacement,Driver Seat Replacement - Quality automotive part,1,50,33,PN-DRIVERSE,Local Supplier,engine,,12 months
d5e1aefa-87f4-4317-a184-d2407bf25c02,labor,Driveshaft Replacement,Professional driveshaft replacement service,1,50,33,,,engine,1.5,
d5e1aefa-87f4-4317-a184-d2407bf25c02,labor,ECM Replacement,Professional ecm replacement service,1,50,33,,,engine,1.5,
d5e1aefa-87f4-4317-a184-d2407bf25c02,labor,ECU Replacement,Professional ecu replacement service,1,50,33,,,engine,1.5,
d5e1aefa-87f4-4317-a184-d2407bf25c02,part,EGR valve Replacement,EGR valve Replacement - Quality automotive part,1,50,33,PN-EGRVALVE,Local Supplier,engine,,12 months
d5e1aefa-87f4-4317-a184-d2407bf25c02,part,EVAP Leak Detection Pump Replacement,EVAP Leak Detection Pump Replacement - Quality automotive part,1,50,33,PN-EVAPLEAK,Local Supplier,engine,,12 months
d5e1aefa-87f4-4317-a184-d2407bf25c02,part,EVAP Temperature Sensor Replacement,EVAP Temperature Sensor Replacement - Quality automotive part,1,50,33,PN-EVAPTEMP,Local Supplier,engine,,12 months
d5e1aefa-87f4-4317-a184-d2407bf25c02,part,EVAP line Repair,EVAP line Repair - Quality automotive part,1,50,33,PN-EVAPLINE,Local Supplier,engine,,12 months
d5e1aefa-87f4-4317-a184-d2407bf25c02,part,Echlin Canister Vent Valve Replacement,Echlin Canister Vent Valve Replacement - Quality automotive part,1,50,33,PN-ECHLINCA,Local Supplier,engine,,12 months
d5e1aefa-87f4-4317-a184-d2407bf25c02,labor,Electric Repair,Professional electric repair service,1,50,33,,,engine,1.5,
d5e1aefa-87f4-4317-a184-d2407bf25c02,part,Engine Air Filter,Engine Air Filter - Quality automotive part,1,29.99,19,PN-ENGINEAI,Local Supplier,engine,,12 months
d5e1aefa-87f4-4317-a184-d2407bf25c02,part,Engine Air Intake Hose Replacement,Engine Air Intake Hose Replacement - Quality automotive part,1,50,33,PN-ENGINEAI,Local Supplier,engine,,12 months
d5e1aefa-87f4-4317-a184-d2407bf25c02,part,Engine Control Module Replacement,Engine Control Module Replacement - Quality automotive part,1,50,33,PN-ENGINECO,Local Supplier,engine,,12 months
d5e1aefa-87f4-4317-a184-d2407bf25c02,part,Engine Coolant Pipe (Rear Upper),Engine Coolant Pipe (Rear Upper) - Quality automotive part,1,50,33,PN-ENGINECO,Local Supplier,engine,,12 months
d5e1aefa-87f4-4317-a184-d2407bf25c02,labor,Engine Coolant Water Outlet Replacement,Professional engine coolant water outlet replacement service,1,50,33,,,engine,5,
d5e1aefa-87f4-4317-a184-d2407bf25c02,part,Engine Cooling Fan Assembly Replacement,Engine Cooling Fan Assembly Replacement - Quality automotive part,1,50,33,PN-ENGINECO,Local Supplier,engine,,12 months
d5e1aefa-87f4-4317-a184-d2407bf25c02,part,Engine Cooling Fan Assembly Replacement,Engine Cooling Fan Assembly Replacement - Quality automotive part,1,50,33,PN-ENGINECO,Local Supplier,engine,,12 months
d5e1aefa-87f4-4317-a184-d2407bf25c02,part,Engine Crankcase Breather Hose Replacement,Engine Crankcase Breather Hose Replacement - Quality automotive part,1,50,33,PN-ENGINECR,Local Supplier,engine,,12 months
d5e1aefa-87f4-4317-a184-d2407bf25c02,labor,Engine Flush,Professional engine flush service,1,19.99,13,,,engine,5,
d5e1aefa-87f4-4317-a184-d2407bf25c02,part,Engine Intake Manifold Runner Solenoid Replacement,Engine Intake Manifold Runner Solenoid Replacement - Quality automotive part,1,50,33,PN-ENGINEIN,Local Supplier,engine,,12 months
d5e1aefa-87f4-4317-a184-d2407bf25c02,part,Engine Intake manifold Actuator Replacement,Engine Intake manifold Actuator Replacement - Quality automotive part,1,50,33,PN-ENGINEIN,Local Supplier,engine,,12 months
d5e1aefa-87f4-4317-a184-d2407bf25c02,part,Engine Mounts Replacement,Engine Mounts Replacement - Quality automotive part,1,50,33,PN-ENGINEMO,Local Supplier,engine,,12 months
d5e1aefa-87f4-4317-a184-d2407bf25c02,service,Engine Oil 5L,Engine Oil 5L - Complete service package,1,50,33,,,engine,5,
d5e1aefa-87f4-4317-a184-d2407bf25c02,part,Engine Oil Cooler Lines Replacement,Engine Oil Cooler Lines Replacement - Quality automotive part,1,50,33,PN-ENGINEOI,Local Supplier,engine,,12 months
d5e1aefa-87f4-4317-a184-d2407bf25c02,labor,Engine Oil Cooler Replacement,Professional engine oil cooler replacement service,1,50,33,,,engine,5,
d5e1aefa-87f4-4317-a184-d2407bf25c02,part,Engine Oil Level Sensor Replacement,Engine Oil Level Sensor Replacement - Quality automotive part,1,50,33,PN-ENGINEOI,Local Supplier,engine,,12 months
d5e1aefa-87f4-4317-a184-d2407bf25c02,part,Engine Oil Pan Gasket Replacement,Engine Oil Pan Gasket Replacement - Quality automotive part,1,50,33,PN-ENGINEOI,Local Supplier,engine,,12 months
d5e1aefa-87f4-4317-a184-d2407bf25c02,labor,Engine Oil Pan Replacement,Professional engine oil pan replacement service,1,349.99,227,,,engine,5,
d5e1aefa-87f4-4317-a184-d2407bf25c02,part,Engine Oil Pan Seal,Engine Oil Pan Seal - Quality automotive part,1,50,33,PN-ENGINEOI,Local Supplier,engine,,12 months
d5e1aefa-87f4-4317-a184-d2407bf25c02,part,Engine Oil Pressure Switch Replacement,Engine Oil Pressure Switch Replacement - Quality automotive part,1,50,33,PN-ENGINEOI,Local Supplier,engine,,12 months
d5e1aefa-87f4-4317-a184-d2407bf25c02,part,Engine Oil Topup,Engine Oil Topup - Quality automotive part,1,50,33,PN-ENGINEOI,Local Supplier,engine,,12 months
d5e1aefa-87f4-4317-a184-d2407bf25c02,labor,Engine Remove & Replacement,Professional engine remove & replacement service,1,50,33,,,engine,5,
d5e1aefa-87f4-4317-a184-d2407bf25c02,labor,Engine Swap,Professional engine swap service,1,50,33,,,engine,5,
d5e1aefa-87f4-4317-a184-d2407bf25c02,part,Engine Timing Cover Gasket Replacement,Engine Timing Cover Gasket Replacement - Quality automotive part,1,50,33,PN-ENGINETI,Local Supplier,engine,,12 months
d5e1aefa-87f4-4317-a184-d2407bf25c02,part,Engine Variable Valve Timing Replacement,Engine Variable Valve Timing Replacement - Quality automotive part,1,50,33,PN-ENGINEVA,Local Supplier,engine,,12 months
d5e1aefa-87f4-4317-a184-d2407bf25c02,part,Evaporator Valve Replacement,Evaporator Valve Replacement - Quality automotive part,1,50,33,PN-EVAPORAT,Local Supplier,engine,,12 months
d5e1aefa-87f4-4317-a184-d2407bf25c02,part,Exhaust Bracket Replacement,Exhaust Bracket Replacement - Quality automotive part,1,50,33,PN-EXHAUSTB,Local Supplier,engine,,12 months
d5e1aefa-87f4-4317-a184-d2407bf25c02,part,Exhaust Manifold Gasket Replacement,Exhaust Manifold Gasket Replacement - Quality automotive part,1,50,33,PN-EXHAUSTM,Local Supplier,engine,,12 months
d5e1aefa-87f4-4317-a184-d2407bf25c02,part,Exhaust Manifold Replacement,Exhaust Manifold Replacement - Quality automotive part,1,50,33,PN-EXHAUSTM,Local Supplier,engine,,12 months
d5e1aefa-87f4-4317-a184-d2407bf25c02,labor,Exhaust Repair,Professional exhaust repair service,1,50,33,,,engine,1.5,
d5e1aefa-87f4-4317-a184-d2407bf25c02,labor,Exhaust Y Pipe Replacement,Professional exhaust y pipe replacement service,1,50,33,,,engine,1.5,
d5e1aefa-87f4-4317-a184-d2407bf25c02,part,Expansion Tank Hose Replacement,Expansion Tank Hose Replacement - Quality automotive part,1,50,33,PN-EXPANSIO,Local Supplier,engine,,12 months
d5e1aefa-87f4-4317-a184-d2407bf25c02,labor,Exterior Door Handle Replacement,Professional exterior door handle replacement service,1,50,33,,,engine,1.5,
d5e1aefa-87f4-4317-a184-d2407bf25c02,part,External Ignition Distributor Replacement (Battery Module),External Ignition Distributor Replacement (Battery Module) - Quality automotive part,1,50,33,PN-EXTERNAL,Local Supplier,engine,,12 months
d5e1aefa-87f4-4317-a184-d2407bf25c02,labor,Fender Lining Replacement,Professional fender lining replacement service,1,50,33,,,engine,1.5,
d5e1aefa-87f4-4317-a184-d2407bf25c02,labor,Fender Replacement,Professional fender replacement service,1,50,33,,,engine,1.5,
d5e1aefa-87f4-4317-a184-d2407bf25c02,labor,Flex Pipe Replacement,Professional flex pipe replacement service,1,50,33,,,engine,1.5,
d5e1aefa-87f4-4317-a184-d2407bf25c02,part,Fog Light Replacement,Fog Light Replacement - Quality automotive part,1,50,33,PN-FOGLIGHT,Local Supplier,engine,,12 months
d5e1aefa-87f4-4317-a184-d2407bf25c02,part,Front Brake Pads Only Replacement,Front Brake Pads Only Replacement - Quality automotive part,1,50,33,PN-FRONTBRA,Local Supplier,engine,,12 months
d5e1aefa-87f4-4317-a184-d2407bf25c02,part,Front Brake Pads Replacement,Front Brake Pads Replacement - Quality automotive part,1,50,33,PN-FRONTBRA,Local Supplier,engine,,12 months
d5e1aefa-87f4-4317-a184-d2407bf25c02,part,Front Brakes & Rotors Replacement,Front Brakes & Rotors Replacement - Quality automotive part,1,379.99,247,PN-FRONTBRA,Local Supplier,engine,,12 months
d5e1aefa-87f4-4317-a184-d2407bf25c02,part,Front Left Brake Caliper Replacement,Front Left Brake Caliper Replacement - Quality automotive part,1,50,33,PN-FRONTLEF,Local Supplier,engine,,12 months
d5e1aefa-87f4-4317-a184-d2407bf25c02,part,Front Left CV Axle Replacement,Front Left CV Axle Replacement - Quality automotive part,1,50,33,PN-FRONTLEF,Local Supplier,engine,,12 months
d5e1aefa-87f4-4317-a184-d2407bf25c02,part,Front Left Caliper Replacement,Front Left Caliper Replacement - Quality automotive part,1,50,33,PN-FRONTLEF,Local Supplier,engine,,12 months
d5e1aefa-87f4-4317-a184-d2407bf25c02,part,Front Left Door lock Actuator,Front Left Door lock Actuator - Quality automotive part,1,50,33,PN-FRONTLEF,Local Supplier,suspension,,12 months
d5e1aefa-87f4-4317-a184-d2407bf25c02,part,Front Left Forward Control Arm Replacement,Front Left Forward Control Arm Replacement - Quality automotive part,1,50,33,PN-FRONTLEF,Local Supplier,engine,,12 months
d5e1aefa-87f4-4317-a184-d2407bf25c02,part,Front Left Lower Rearward Control Arm Replacement,Front Left Lower Rearward Control Arm Replacement - Quality automotive part,1,50,33,PN-FRONTLEF,Local Supplier,engine,,12 months
d5e1aefa-87f4-4317-a184-d2407bf25c02,part,Front Left Outer Tie Rod,Front Left Outer Tie Rod - Quality automotive part,1,50,33,PN-FRONTLEF,Local Supplier,suspension,,12 months
d5e1aefa-87f4-4317-a184-d2407bf25c02,part,Front Left Wheel Bearing Replacement,Front Left Wheel Bearing Replacement - Quality automotive part,1,50,33,PN-FRONTLEF,Local Supplier,engine,,12 months
d5e1aefa-87f4-4317-a184-d2407bf25c02,part,Front Lower Ball Joint Replacement,Front Lower Ball Joint Replacement - Quality automotive part,1,50,33,PN-FRONTLOW,Local Supplier,engine,,12 months
d5e1aefa-87f4-4317-a184-d2407bf25c02,part,Front Lower COntrol Arms With ball Joint (Right),Front Lower COntrol Arms With ball Joint (Right) - Quality automotive part,1,50,33,PN-FRONTLOW,Local Supplier,suspension,,12 months
d5e1aefa-87f4-4317-a184-d2407bf25c02,part,Front Lower Control Arm with Ball Joint Replacement (Left),Front Lower Control Arm with Ball Joint Replacement (Left) - Quality automotive part,1,50,33,PN-FRONTLOW,Local Supplier,engine,,12 months
d5e1aefa-87f4-4317-a184-d2407bf25c02,part,Front Lower Rearward Control Arms,Front Lower Rearward Control Arms - Quality automotive part,1,50,33,PN-FRONTLOW,Local Supplier,suspension,,12 months
d5e1aefa-87f4-4317-a184-d2407bf25c02,part,Front Right Ball Joint Replacement,Front Right Ball Joint Replacement - Quality automotive part,1,50,33,PN-FRONTRIG,Local Supplier,engine,,12 months
d5e1aefa-87f4-4317-a184-d2407bf25c02,part,Front Right Brake Caliper Replacement,Front Right Brake Caliper Replacement - Quality automotive part,1,50,33,PN-FRONTRIG,Local Supplier,engine,,12 months
d5e1aefa-87f4-4317-a184-d2407bf25c02,part,Front Right CV Axle Replacement,Front Right CV Axle Replacement - Quality automotive part,1,50,33,PN-FRONTRIG,Local Supplier,engine,,12 months
d5e1aefa-87f4-4317-a184-d2407bf25c02,part,Front Right Lower Forward Control Arm Replacement,Front Right Lower Forward Control Arm Replacement - Quality automotive part,1,50,33,PN-FRONTRIG,Local Supplier,engine,,12 months
d5e1aefa-87f4-4317-a184-d2407bf25c02,part,Front Right Outer Tie Rod Replacement,Front Right Outer Tie Rod Replacement - Quality automotive part,1,50,33,PN-FRONTRIG,Local Supplier,engine,,12 months
d5e1aefa-87f4-4317-a184-d2407bf25c02,part,Front Right Wheel Bearing Replacement,Front Right Wheel Bearing Replacement - Quality automotive part,1,50,33,PN-FRONTRIG,Local Supplier,engine,,12 months
d5e1aefa-87f4-4317-a184-d2407bf25c02,part,Front Rigth Rearward Control Arm Replacement,Front Rigth Rearward Control Arm Replacement - Quality automotive part,1,50,33,PN-FRONTRIG,Local Supplier,engine,,12 months
d5e1aefa-87f4-4317-a184-d2407bf25c02,part,Front Rotors Replacement,Front Rotors Replacement - Quality automotive part,1,50,33,PN-FRONTROT,Local Supplier,engine,,12 months
d5e1aefa-87f4-4317-a184-d2407bf25c02,part,Front Shock Absorber Replacement,Front Shock Absorber Replacement - Quality automotive part,1,50,33,PN-FRONTSHO,Local Supplier,engine,,12 months
d5e1aefa-87f4-4317-a184-d2407bf25c02,part,Front Strut Mount Replacement,Front Strut Mount Replacement - Quality automotive part,1,50,33,PN-FRONTSTR,Local Supplier,engine,,12 months
d5e1aefa-87f4-4317-a184-d2407bf25c02,part,Front Sway Bar Links Replacement,Front Sway Bar Links Replacement - Quality automotive part,1,50,33,PN-FRONTSWA,Local Supplier,engine,,12 months
d5e1aefa-87f4-4317-a184-d2407bf25c02,part,Front Wiper Motor Replacement,Front Wiper Motor Replacement - Quality automotive part,1,50,33,PN-FRONTWIP,Local Supplier,engine,,12 months
d5e1aefa-87f4-4317-a184-d2407bf25c02,labor,Fuel Canister Replacement,Professional fuel canister replacement service,1,50,33,,,engine,1.5,
d5e1aefa-87f4-4317-a184-d2407bf25c02,fee,Fuel Feed Line Replacement,Fuel Feed Line Replacement - Service fee,1,50,33,,,engine,,
d5e1aefa-87f4-4317-a184-d2407bf25c02,labor,Fuel Filler Neck Replacement,Professional fuel filler neck replacement service,1,50,33,,,engine,1.5,
d5e1aefa-87f4-4317-a184-d2407bf25c02,part,Fuel Filter Replacement,Fuel Filter Replacement - Quality automotive part,1,50,33,PN-FUELFILT,Local Supplier,engine,,12 months
d5e1aefa-87f4-4317-a184-d2407bf25c02,service,Fuel Injector Cleaner,Fuel Injector Cleaner - Complete service package,1,50,33,,,engine,1.5,
d5e1aefa-87f4-4317-a184-d2407bf25c02,labor,Fuel Injector O Rings Replacement,Professional fuel injector o rings replacement service,1,50,33,,,engine,1.5,
d5e1aefa-87f4-4317-a184-d2407bf25c02,labor,Fuel Injector Replacement,Professional fuel injector replacement service,1,50,33,,,engine,1.5,
d5e1aefa-87f4-4317-a184-d2407bf25c02,part,Fuel Line Repair,Fuel Line Repair - Quality automotive part,1,50,33,PN-FUELLINE,Local Supplier,engine,,12 months
d5e1aefa-87f4-4317-a184-d2407bf25c02,part,Fuel Pressure Sensor Replacement,Fuel Pressure Sensor Replacement - Quality automotive part,1,50,33,PN-FUELPRES,Local Supplier,engine,,12 months
d5e1aefa-87f4-4317-a184-d2407bf25c02,part,Fuel Pump Cam Follower Replacement,Fuel Pump Cam Follower Replacement - Quality automotive part,1,50,33,PN-FUELPUMP,Local Supplier,engine,,12 months
d5e1aefa-87f4-4317-a184-d2407bf25c02,part,Fuel Pump Replacement,Fuel Pump Replacement - Quality automotive part,1,50,33,PN-FUELPUMP,Local Supplier,engine,,12 months
d5e1aefa-87f4-4317-a184-d2407bf25c02,labor,Fuel Tank Strap Replacement,Professional fuel tank strap replacement service,1,50,33,,,engine,1.5,
d5e1aefa-87f4-4317-a184-d2407bf25c02,package,Full Synthetic Oil Change Package - 5L,Full Synthetic Oil Change Package - 5L - Service package with multiple components,1,69.99,45,,,engine,3,
d5e1aefa-87f4-4317-a184-d2407bf25c02,labor,Fuse Box Replacement (Engine),Professional fuse box replacement (engine) service,1,50,33,,,engine,5,
d5e1aefa-87f4-4317-a184-d2407bf25c02,labor,Gas Tank Replacement,Professional gas tank replacement service,1,50,33,,,engine,1.5,
d5e1aefa-87f4-4317-a184-d2407bf25c02,labor,Gas cap Replacement,Professional gas cap replacement service,1,50,33,,,engine,0.5,
d5e1aefa-87f4-4317-a184-d2407bf25c02,part,Gear Shift Soelnoid Replacement,Gear Shift Soelnoid Replacement - Quality automotive part,1,50,33,PN-GEARSHIF,Local Supplier,engine,,12 months
d5e1aefa-87f4-4317-a184-d2407bf25c02,labor,General Repair,Professional general repair service,1,50,33,,,engine,1.5,
d5e1aefa-87f4-4317-a184-d2407bf25c02,labor,General Repair,Professional general repair service,1,50,33,,,engine,1.5,
d5e1aefa-87f4-4317-a184-d2407bf25c02,service,HVAC Air Distribution Defrost Door,HVAC Air Distribution Defrost Door - Complete service package,1,50,33,,,suspension,1.5,
d5e1aefa-87f4-4317-a184-d2407bf25c02,part,"HVAC Air Distribution Door, Center","HVAC Air Distribution Door, Center - Quality automotive part",1,50,33,PN-HVACAIRD,Local Supplier,suspension,,12 months
d5e1aefa-87f4-4317-a184-d2407bf25c02,part,"HVAC Air Distribution Door, Right Side Replacement","HVAC Air Distribution Door, Right Side Replacement - Quality automotive part",1,50,33,PN-HVACAIRD,Local Supplier,engine,,12 months
d5e1aefa-87f4-4317-a184-d2407bf25c02,service,"HVAC Air Distribution, Recirculating Door","HVAC Air Distribution, Recirculating Door - Complete service package",1,50,33,,,suspension,1.5,
d5e1aefa-87f4-4317-a184-d2407bf25c02,part,Headlight Assembly Replacement,Headlight Assembly Replacement - Quality automotive part,1,50,33,PN-HEADLIGH,Local Supplier,engine,,12 months
d5e1aefa-87f4-4317-a184-d2407bf25c02,part,Headlight Ballast Replacement,Headlight Ballast Replacement - Quality automotive part,1,50,33,PN-HEADLIGH,Local Supplier,engine,,12 months
d5e1aefa-87f4-4317-a184-d2407bf25c02,part,Headlight Replacement,Headlight Replacement - Quality automotive part,1,50,33,PN-HEADLIGH,Local Supplier,engine,,12 months
d5e1aefa-87f4-4317-a184-d2407bf25c02,part,Headlight Restoration,Headlight Restoration - Quality automotive part,1,50,33,PN-HEADLIGH,Local Supplier,maintenance,,12 months
d5e1aefa-87f4-4317-a184-d2407bf25c02,labor,Heat Shield Fix,Professional heat shield fix service,1,50,33,,,general,1.5,
d5e1aefa-87f4-4317-a184-d2407bf25c02,service,Heat Shield Removal,Heat Shield Removal - Complete service package,1,50,33,,,general,1.5,
d5e1aefa-87f4-4317-a184-d2407bf25c02,labor,Heater Core Replacement,Professional heater core replacement service,1,50,33,,,engine,1.5,
d5e1aefa-87f4-4317-a184-d2407bf25c02,part,Heater Hose Replacement (LH),Heater Hose Replacement (LH) - Quality automotive part,1,50,33,PN-HEATERHO,Local Supplier,engine,,12 months
d5e1aefa-87f4-4317-a184-d2407bf25c02,part,Heater Hose Replacement (RH),Heater Hose Replacement (RH) - Quality automotive part,1,50,33,PN-HEATERHO,Local Supplier,engine,,12 months
d5e1aefa-87f4-4317-a184-d2407bf25c02,labor,Heater Pipe Replacement,Professional heater pipe replacement service,1,50,33,,,engine,1.5,
d5e1aefa-87f4-4317-a184-d2407bf25c02,part,Heater Valve Replacement,Heater Valve Replacement - Quality automotive part,1,50,33,PN-HEATERVA,Local Supplier,engine,,12 months
d5e1aefa-87f4-4317-a184-d2407bf25c02,labor,Hood Lift Support Replacement,Professional hood lift support replacement service,1,50,33,,,engine,1.5,
d5e1aefa-87f4-4317-a184-d2407bf25c02,part,Hood Release Cable,Hood Release Cable - Quality automotive part,1,50,33,PN-HOODRELE,Local Supplier,transmission,,12 months
d5e1aefa-87f4-4317-a184-d2407bf25c02,labor,Hood Replacement,Professional hood replacement service,1,50,33,,,engine,1.5,
d5e1aefa-87f4-4317-a184-d2407bf25c02,labor,Horn Replacement,Professional horn replacement service,1,50,33,,,engine,1.5,
d5e1aefa-87f4-4317-a184-d2407bf25c02,part,Horn Switch Replacement,Horn Switch Replacement - Quality automotive part,1,50,33,PN-HORNSWIT,Local Supplier,engine,,12 months
d5e1aefa-87f4-4317-a184-d2407bf25c02,part,Hose Repair,Hose Repair - Quality automotive part,1,50,33,PN-HOSEREPA,Local Supplier,engine,,12 months
d5e1aefa-87f4-4317-a184-d2407bf25c02,part,Hose Replacement,Hose Replacement - Quality automotive part,1,50,33,PN-HOSEREPL,Local Supplier,engine,,12 months
d5e1aefa-87f4-4317-a184-d2407bf25c02,labor,Idler Pulley Replacement,Professional idler pulley replacement service,1,50,33,,,engine,1.5,
d5e1aefa-87f4-4317-a184-d2407bf25c02,labor,Ignition Coil Replacement,Professional ignition coil replacement service,1,179.99,117,,,engine,1.5,
d5e1aefa-87f4-4317-a184-d2407bf25c02,part,Ignition Control Module Replacement,Ignition Control Module Replacement - Quality automotive part,1,50,33,PN-IGNITION,Local Supplier,engine,,12 months
d5e1aefa-87f4-4317-a184-d2407bf25c02,service,Ignition Key Housing Replacment,Ignition Key Housing Replacment - Complete service package,1,50,33,,,air_conditioning,1.5,
d5e1aefa-87f4-4317-a184-d2407bf25c02,part,Ignition Switch Replacement,Ignition Switch Replacement - Quality automotive part,1,50,33,PN-IGNITION,Local Supplier,engine,,12 months
d5e1aefa-87f4-4317-a184-d2407bf25c02,labor,Immobilizer Replacement,Professional immobilizer replacement service,1,50,33,,,engine,1.5,
d5e1aefa-87f4-4317-a184-d2407bf25c02,part,Impact Sensor Replacement,Impact Sensor Replacement - Quality automotive part,1,50,33,PN-IMPACTSE,Local Supplier,engine,,12 months
d5e1aefa-87f4-4317-a184-d2407bf25c02,part,Inner Tie Rod Replacement,Inner Tie Rod Replacement - Quality automotive part,1,50,33,PN-INNERTIE,Local Supplier,engine,,12 months
d5e1aefa-87f4-4317-a184-d2407bf25c02,part,Intake Manifold Gasket Replacement,Intake Manifold Gasket Replacement - Quality automotive part,1,50,33,PN-INTAKEMA,Local Supplier,engine,,12 months
d5e1aefa-87f4-4317-a184-d2407bf25c02,part,Intake Manifold Replacement,Intake Manifold Replacement - Quality automotive part,1,50,33,PN-INTAKEMA,Local Supplier,engine,,12 months
d5e1aefa-87f4-4317-a184-d2407bf25c02,part,Intake Manifold Runner Replacement,Intake Manifold Runner Replacement - Quality automotive part,1,50,33,PN-INTAKEMA,Local Supplier,engine,,12 months
d5e1aefa-87f4-4317-a184-d2407bf25c02,part,Intercooler Hose Pipe Replacement,Intercooler Hose Pipe Replacement - Quality automotive part,1,50,33,PN-INTERCOO,Local Supplier,engine,,12 months
d5e1aefa-87f4-4317-a184-d2407bf25c02,labor,Intermediate Shaft Replacement,Professional intermediate shaft replacement service,1,50,33,,,engine,1.5,
d5e1aefa-87f4-4317-a184-d2407bf25c02,labor,Internal Door Handle Replacement,Professional internal door handle replacement service,1,50,33,,,engine,1.5,
d5e1aefa-87f4-4317-a184-d2407bf25c02,labor,Key Programming,Professional key programming service,1,50,33,,,air_conditioning,1.5,
d5e1aefa-87f4-4317-a184-d2407bf25c02,part,Knock Sensor Replacement,Knock Sensor Replacement - Quality automotive part,1,50,33,PN-KNOCKSEN,Local Supplier,engine,,12 months
d5e1aefa-87f4-4317-a184-d2407bf25c02,package,LED Headlight Kit,LED Headlight Kit - Service package with multiple components,1,119.99,78,,,maintenance,3,
d5e1aefa-87f4-4317-a184-d2407bf25c02,part,License Plate Light,License Plate Light - Quality automotive part,1,50,33,PN-LICENSEP,Local Supplier,transmission,,12 months
d5e1aefa-87f4-4317-a184-d2407bf25c02,part,Liftgate Lock Actuator Replacement,Liftgate Lock Actuator Replacement - Quality automotive part,1,50,33,PN-LIFTGATE,Local Supplier,engine,,12 months
d5e1aefa-87f4-4317-a184-d2407bf25c02,part,Light Bulb Replacement,Light Bulb Replacement - Quality automotive part,1,19.99,13,PN-LIGHTBUL,Local Supplier,engine,,12 months
d5e1aefa-87f4-4317-a184-d2407bf25c02,part,Lower Ball Joint Replacement,Lower Ball Joint Replacement - Quality automotive part,1,50,33,PN-LOWERBAL,Local Supplier,engine,,12 months
d5e1aefa-87f4-4317-a184-d2407bf25c02,part,Lucas Oil Stabilizer,Lucas Oil Stabilizer - Quality automotive part,1,50,33,PN-LUCASOIL,Local Supplier,engine,,12 months
d5e1aefa-87f4-4317-a184-d2407bf25c02,labor,Lug Bolts Replacement,Professional lug bolts replacement service,1,50,33,,,engine,1.5,
d5e1aefa-87f4-4317-a184-d2407bf25c02,labor,Lug Nuts Replacement,Professional lug nuts replacement service,1,50,33,,,engine,1.5,
d5e1aefa-87f4-4317-a184-d2407bf25c02,part,Main Seal Crankshaft,Main Seal Crankshaft - Quality automotive part,1,349.99,227,PN-MAINSEAL,Local Supplier,engine,,12 months
d5e1aefa-87f4-4317-a184-d2407bf25c02,part,Manifold Absolute Pressure Sensor Replacement,Manifold Absolute Pressure Sensor Replacement - Quality automotive part,1,50,33,PN-MANIFOLD,Local Supplier,engine,,12 months
d5e1aefa-87f4-4317-a184-d2407bf25c02,labor,Manual Alignment,Professional manual alignment service,1,50,33,,,general,1.5,
d5e1aefa-87f4-4317-a184-d2407bf25c02,part,Mass Air Flow Sensor Replacement,Mass Air Flow Sensor Replacement - Quality automotive part,1,50,33,PN-MASSAIRF,Local Supplier,engine,,12 months
d5e1aefa-87f4-4317-a184-d2407bf25c02,part,Master Window Switch Replacement,Master Window Switch Replacement - Quality automotive part,1,50,33,PN-MASTERWI,Local Supplier,engine,,12 months
d5e1aefa-87f4-4317-a184-d2407bf25c02,labor,Mirror Repair,Professional mirror repair service,1,50,33,,,engine,1.5,
d5e1aefa-87f4-4317-a184-d2407bf25c02,part,Mirror Switch Replacement,Mirror Switch Replacement - Quality automotive part,1,50,33,PN-MIRRORSW,Local Supplier,engine,,12 months
d5e1aefa-87f4-4317-a184-d2407bf25c02,part,Muffler Repair/Fix,Muffler Repair/Fix - Quality automotive part,1,50,33,PN-MUFFLERR,Local Supplier,engine,,12 months
d5e1aefa-87f4-4317-a184-d2407bf25c02,part,Muffler Replacement,Muffler Replacement - Quality automotive part,1,50,33,PN-MUFFLERR,Local Supplier,engine,,12 months
d5e1aefa-87f4-4317-a184-d2407bf25c02,part,Neutral Safety Switch Replacement,Neutral Safety Switch Replacement - Quality automotive part,1,50,33,PN-NEUTRALS,Local Supplier,engine,,12 months
d5e1aefa-87f4-4317-a184-d2407bf25c02,part,New Rims,New Rims - Quality automotive part,1,50,33,PN-NEWRIMS,Local Supplier,tires,,12 months
d5e1aefa-87f4-4317-a184-d2407bf25c02,part,New Tire With Rim,New Tire With Rim - Quality automotive part,1,50,33,PN-NEWTIREW,Local Supplier,tires,,12 months
d5e1aefa-87f4-4317-a184-d2407bf25c02,part,New Tires,New Tires - Quality automotive part,1,179.99,117,PN-NEWTIRES,Local Supplier,tires,,12 months
d5e1aefa-87f4-4317-a184-d2407bf25c02,part,New Tires With Balancing,New Tires With Balancing - Quality automotive part,1,50,33,PN-NEWTIRES,Local Supplier,tires,,12 months
d5e1aefa-87f4-4317-a184-d2407bf25c02,discount,Off Rim On Rim Service,Off Rim On Rim Service - Automotive service,1,29.99,19,,,engine,,
d5e1aefa-87f4-4317-a184-d2407bf25c02,service,Oil Additive,Oil Additive - Complete service package,1,50,33,,,engine,1.5,
d5e1aefa-87f4-4317-a184-d2407bf25c02,part,Oil Change Customer's Own Oil/Filter,Oil Change Customer's Own Oil/Filter - Quality automotive part,1,29.99,19,PN-OILCHANG,Local Supplier,engine,,12 months
d5e1aefa-87f4-4317-a184-d2407bf25c02,part,Oil Filter Cap Replacement,Oil Filter Cap Replacement - Quality automotive part,1,50,33,PN-OILFILTE,Local Supplier,engine,,12 months
d5e1aefa-87f4-4317-a184-d2407bf25c02,part,Oil Filter Housing Gasket Replacement,Oil Filter Housing Gasket Replacement - Quality automotive part,1,50,33,PN-OILFILTE,Local Supplier,engine,,12 months
d5e1aefa-87f4-4317-a184-d2407bf25c02,part,Oil Filter Housing Replacement,Oil Filter Housing Replacement - Quality automotive part,1,50,33,PN-OILFILTE,Local Supplier,engine,,12 months
d5e1aefa-87f4-4317-a184-d2407bf25c02,discount,On rim Off Rim Tires,On rim Off Rim Tires - Automotive service,1,29.99,19,,,tires,,
d5e1aefa-87f4-4317-a184-d2407bf25c02,part,Outer Tie Rod Replacement,Outer Tie Rod Replacement - Quality automotive part,1,50,33,PN-OUTERTIE,Local Supplier,engine,,12 months
d5e1aefa-87f4-4317-a184-d2407bf25c02,part,Overflow Rdaiator Hose Replacement,Overflow Rdaiator Hose Replacement - Quality automotive part,1,50,33,PN-OVERFLOW,Local Supplier,engine,,12 months
d5e1aefa-87f4-4317-a184-d2407bf25c02,labor,Overhead Console Sunglass Storage Replacement,Professional overhead console sunglass storage replacement service,1,50,33,,,engine,1.5,
d5e1aefa-87f4-4317-a184-d2407bf25c02,part,Oxygen Sensor Connector Replacement,Oxygen Sensor Connector Replacement - Quality automotive part,1,50,33,PN-OXYGENSE,Local Supplier,engine,,12 months
d5e1aefa-87f4-4317-a184-d2407bf25c02,part,Oxygen Sensor Replacement,Oxygen Sensor Replacement - Quality automotive part,1,50,33,PN-OXYGENSE,Local Supplier,engine,,12 months
d5e1aefa-87f4-4317-a184-d2407bf25c02,part,Oxygen Sensor Replacement (B1S2),Oxygen Sensor Replacement (B1S2) - Quality automotive part,1,50,33,PN-OXYGENSE,Local Supplier,engine,,12 months
d5e1aefa-87f4-4317-a184-d2407bf25c02,part,PCV Valve Replacement,PCV Valve Replacement - Quality automotive part,1,50,33,PN-PCVVALVE,Local Supplier,engine,,12 months
d5e1aefa-87f4-4317-a184-d2407bf25c02,labor,Parking Brake Adjustment,Professional parking brake adjustment service,1,50,33,,,brakes,1.5,
d5e1aefa-87f4-4317-a184-d2407bf25c02,part,Parking Brake Cable Replacement,Parking Brake Cable Replacement - Quality automotive part,1,50,33,PN-PARKINGB,Local Supplier,engine,,12 months
d5e1aefa-87f4-4317-a184-d2407bf25c02,labor,Parking Brake Service,Professional parking brake service service,1,50,33,,,engine,1.5,
d5e1aefa-87f4-4317-a184-d2407bf25c02,part,Parking Brake Shoes Replacement,Parking Brake Shoes Replacement - Quality automotive part,1,50,33,PN-PARKINGB,Local Supplier,engine,,12 months
d5e1aefa-87f4-4317-a184-d2407bf25c02,part,Passenger Seat Replacement,Passenger Seat Replacement - Quality automotive part,1,50,33,PN-PASSENGE,Local Supplier,engine,,12 months
d5e1aefa-87f4-4317-a184-d2407bf25c02,part,Power Brake Booster Replacement,Power Brake Booster Replacement - Quality automotive part,1,50,33,PN-POWERBRA,Local Supplier,engine,,12 months
d5e1aefa-87f4-4317-a184-d2407bf25c02,part,Power Steering Assist Motor Coupling,Power Steering Assist Motor Coupling - Quality automotive part,1,50,33,PN-POWERSTE,Local Supplier,air_conditioning,,12 months
d5e1aefa-87f4-4317-a184-d2407bf25c02,service,Power Steering Column,Power Steering Column - Complete service package,1,50,33,,,air_conditioning,1.5,
d5e1aefa-87f4-4317-a184-d2407bf25c02,service,Power Steering Fluid,Power Steering Fluid - Complete service package,1,50,33,,,engine,0.5,
d5e1aefa-87f4-4317-a184-d2407bf25c02,labor,Power Steering Fluid Change,Professional power steering fluid change service,1,50,33,,,engine,0.5,
d5e1aefa-87f4-4317-a184-d2407bf25c02,part,Power Steering Hose Repair,Power Steering Hose Repair - Quality automotive part,1,50,33,PN-POWERSTE,Local Supplier,engine,,12 months
d5e1aefa-87f4-4317-a184-d2407bf25c02,part,Power Steering Pressure Line Replacement,Power Steering Pressure Line Replacement - Quality automotive part,1,50,33,PN-POWERSTE,Local Supplier,engine,,12 months
d5e1aefa-87f4-4317-a184-d2407bf25c02,part,Power steering Fluid Pump Replacement,Power steering Fluid Pump Replacement - Quality automotive part,1,50,33,PN-POWERSTE,Local Supplier,engine,,12 months
d5e1aefa-87f4-4317-a184-d2407bf25c02,labor,Pre_Safety Inspection,Professional pre_safety inspection service,1,89.99,58,,,air_conditioning,1.5,
d5e1aefa-87f4-4317-a184-d2407bf25c02,package,Premium Synthetic Castrol Oil Change Package - 5L,Premium Synthetic Castrol Oil Change Package - 5L - Service package with multiple components,1,89.99,58,,,engine,3,
d5e1aefa-87f4-4317-a184-d2407bf25c02,part,Purge Valve Solinoid,Purge Valve Solinoid - Quality automotive part,1,50,33,PN-PURGEVAL,Local Supplier,air_conditioning,,12 months
d5e1aefa-87f4-4317-a184-d2407bf25c02,part,Quick Strut Assembly Replacement,Quick Strut Assembly Replacement - Quality automotive part,1,50,33,PN-QUICKSTR,Local Supplier,engine,,12 months
d5e1aefa-87f4-4317-a184-d2407bf25c02,fee,Quote / Estimate,Quote / Estimate - Service fee,1,25,16,,,fees,,
d5e1aefa-87f4-4317-a184-d2407bf25c02,labor,Rack & Pinion Replacement,Professional rack & pinion replacement service,1,50,33,,,engine,1.5,
d5e1aefa-87f4-4317-a184-d2407bf25c02,labor,Rack and Pinion Boot Replacement,Professional rack and pinion boot replacement service,1,50,33,,,engine,1.5,
d5e1aefa-87f4-4317-a184-d2407bf25c02,part,Radiator Cap Replacement,Radiator Cap Replacement - Quality automotive part,1,50,33,PN-RADIATOR,Local Supplier,engine,,12 months
d5e1aefa-87f4-4317-a184-d2407bf25c02,part,Radiator Fan Resistor Replacement,Radiator Fan Resistor Replacement - Quality automotive part,1,50,33,PN-RADIATOR,Local Supplier,engine,,12 months
d5e1aefa-87f4-4317-a184-d2407bf25c02,part,Radiator Filler Neck Replacement,Radiator Filler Neck Replacement - Quality automotive part,1,50,33,PN-RADIATOR,Local Supplier,engine,,12 months
d5e1aefa-87f4-4317-a184-d2407bf25c02,part,Radiator Hose Replacement (Lower),Radiator Hose Replacement (Lower) - Quality automotive part,1,50,33,PN-RADIATOR,Local Supplier,engine,,12 months
d5e1aefa-87f4-4317-a184-d2407bf25c02,part,Radiator Hose Replacement (Upper),Radiator Hose Replacement (Upper) - Quality automotive part,1,50,33,PN-RADIATOR,Local Supplier,engine,,12 months
d5e1aefa-87f4-4317-a184-d2407bf25c02,part,Radiator Replacement,Radiator Replacement - Quality automotive part,1,50,33,PN-RADIATOR,Local Supplier,engine,,12 months
d5e1aefa-87f4-4317-a184-d2407bf25c02,labor,Radio Repair,Professional radio repair service,1,50,33,,,engine,1.5,
d5e1aefa-87f4-4317-a184-d2407bf25c02,labor,Radio Repair,Professional radio repair service,1,50,33,,,engine,1.5,
d5e1aefa-87f4-4317-a184-d2407bf25c02,part,Rear Brake Pads Replacement,Rear Brake Pads Replacement - Quality automotive part,1,50,33,PN-REARBRAK,Local Supplier,engine,,12 months
d5e1aefa-87f4-4317-a184-d2407bf25c02,part,Rear Brakes & Rotors Replacement,Rear Brakes & Rotors Replacement - Quality automotive part,1,399,259,PN-REARBRAK,Local Supplier,engine,,12 months
d5e1aefa-87f4-4317-a184-d2407bf25c02,part,Rear Brakes and Rotors Replacement,Rear Brakes and Rotors Replacement - Quality automotive part,1,50,33,PN-REARBRAK,Local Supplier,engine,,12 months
d5e1aefa-87f4-4317-a184-d2407bf25c02,part,Rear Coil Springs Replacement,Rear Coil Springs Replacement - Quality automotive part,1,50,33,PN-REARCOIL,Local Supplier,engine,,12 months
d5e1aefa-87f4-4317-a184-d2407bf25c02,part,Rear Control Arm Replacement,Rear Control Arm Replacement - Quality automotive part,1,349.99,227,PN-REARCONT,Local Supplier,engine,,12 months
d5e1aefa-87f4-4317-a184-d2407bf25c02,part,Rear Drums Replacement,Rear Drums Replacement - Quality automotive part,1,50,33,PN-REARDRUM,Local Supplier,engine,,12 months
d5e1aefa-87f4-4317-a184-d2407bf25c02,part,Rear Drums and Shoes Replacement,Rear Drums and Shoes Replacement - Quality automotive part,1,50,33,PN-REARDRUM,Local Supplier,engine,,12 months
d5e1aefa-87f4-4317-a184-d2407bf25c02,part,Rear Lateral Arms Replacement,Rear Lateral Arms Replacement - Quality automotive part,1,50,33,PN-REARLATE,Local Supplier,engine,,12 months
d5e1aefa-87f4-4317-a184-d2407bf25c02,part,Rear Left Bearing Replacement,Rear Left Bearing Replacement - Quality automotive part,1,50,33,PN-REARLEFT,Local Supplier,engine,,12 months
d5e1aefa-87f4-4317-a184-d2407bf25c02,part,Rear Left CV Axle Replacement,Rear Left CV Axle Replacement - Quality automotive part,1,50,33,PN-REARLEFT,Local Supplier,engine,,12 months
d5e1aefa-87f4-4317-a184-d2407bf25c02,part,Rear Left Caliper Replacement,Rear Left Caliper Replacement - Quality automotive part,1,50,33,PN-REARLEFT,Local Supplier,engine,,12 months
d5e1aefa-87f4-4317-a184-d2407bf25c02,part,Rear Left Wheel Bearing Replacement,Rear Left Wheel Bearing Replacement - Quality automotive part,1,50,33,PN-REARLEFT,Local Supplier,engine,,12 months
d5e1aefa-87f4-4317-a184-d2407bf25c02,part,Rear Lower Control Arm Replacement,Rear Lower Control Arm Replacement - Quality automotive part,1,50,33,PN-REARLOWE,Local Supplier,engine,,12 months
d5e1aefa-87f4-4317-a184-d2407bf25c02,part,Rear Quick Strut Assembly Replacement,Rear Quick Strut Assembly Replacement - Quality automotive part,1,50,33,PN-REARQUIC,Local Supplier,engine,,12 months
d5e1aefa-87f4-4317-a184-d2407bf25c02,part,Rear Right Caliper Replacement,Rear Right Caliper Replacement - Quality automotive part,1,50,33,PN-REARRIGH,Local Supplier,engine,,12 months
d5e1aefa-87f4-4317-a184-d2407bf25c02,part,Rear Right Output Shaft Seal Replacement,Rear Right Output Shaft Seal Replacement - Quality automotive part,1,50,33,PN-REARRIGH,Local Supplier,engine,,12 months
d5e1aefa-87f4-4317-a184-d2407bf25c02,part,Rear Right Wheel Bearing Replacement,Rear Right Wheel Bearing Replacement - Quality automotive part,1,50,33,PN-REARRIGH,Local Supplier,engine,,12 months
d5e1aefa-87f4-4317-a184-d2407bf25c02,part,Rear Rocker Arms Replacement,Rear Rocker Arms Replacement - Quality automotive part,1,50,33,PN-REARROCK,Local Supplier,engine,,12 months
d5e1aefa-87f4-4317-a184-d2407bf25c02,part,Rear Rotors Replacement,Rear Rotors Replacement - Quality automotive part,1,50,33,PN-REARROTO,Local Supplier,engine,,12 months
d5e1aefa-87f4-4317-a184-d2407bf25c02,part,Rear Shock Mount Replacement,Rear Shock Mount Replacement - Quality automotive part,1,50,33,PN-REARSHOC,Local Supplier,engine,,12 months
d5e1aefa-87f4-4317-a184-d2407bf25c02,part,Rear Shocks Replacement,Rear Shocks Replacement - Quality automotive part,1,50,33,PN-REARSHOC,Local Supplier,engine,,12 months
d5e1aefa-87f4-4317-a184-d2407bf25c02,part,Rear Sway Bar Bushing Replacement,Rear Sway Bar Bushing Replacement - Quality automotive part,1,50,33,PN-REARSWAY,Local Supplier,engine,,12 months
d5e1aefa-87f4-4317-a184-d2407bf25c02,part,Rear Sway Bar Link Replacement,Rear Sway Bar Link Replacement - Quality automotive part,1,99.99,65,PN-REARSWAY,Local Supplier,engine,,12 months
d5e1aefa-87f4-4317-a184-d2407bf25c02,part,Rear Upper Control Arm,Rear Upper Control Arm - Quality automotive part,1,50,33,PN-REARUPPE,Local Supplier,suspension,,12 months
d5e1aefa-87f4-4317-a184-d2407bf25c02,part,Rear View Mirror Replacement,Rear View Mirror Replacement - Quality automotive part,1,50,33,PN-REARVIEW,Local Supplier,engine,,12 months
d5e1aefa-87f4-4317-a184-d2407bf25c02,part,Rear Wiper Motor Replacement,Rear Wiper Motor Replacement - Quality automotive part,1,50,33,PN-REARWIPE,Local Supplier,engine,,12 months
d5e1aefa-87f4-4317-a184-d2407bf25c02,part,Rear left Brake Caliper Replacement,Rear left Brake Caliper Replacement - Quality automotive part,1,50,33,PN-REARLEFT,Local Supplier,engine,,12 months
d5e1aefa-87f4-4317-a184-d2407bf25c02,package,Regular Oil Change Package - 5L,Regular Oil Change Package - 5L - Service package with multiple components,1,39.99,26,,,engine,3,
d5e1aefa-87f4-4317-a184-d2407bf25c02,labor,Repair,Professional repair service,1,50,33,,,engine,1.5,
d5e1aefa-87f4-4317-a184-d2407bf25c02,labor,Repair Bumper,Professional repair bumper service,1,50,33,,,engine,1.5,
d5e1aefa-87f4-4317-a184-d2407bf25c02,service,Resonator Delete,Resonator Delete - Complete service package,1,50,33,,,general,1.5,
d5e1aefa-87f4-4317-a184-d2407bf25c02,labor,Resonator Replacement,Professional resonator replacement service,1,50,33,,,engine,1.5,
d5e1aefa-87f4-4317-a184-d2407bf25c02,labor,Rocker Replacement,Professional rocker replacement service,1,50,33,,,engine,1.5,
d5e1aefa-87f4-4317-a184-d2407bf25c02,labor,Safety Inspection,Professional safety inspection service,1,179.99,117,,,air_conditioning,1.5,
d5e1aefa-87f4-4317-a184-d2407bf25c02,service,"Sand, Paint & Clear Coat","Sand, Paint & Clear Coat - Complete service package",1,50,33,,,general,1.5,
d5e1aefa-87f4-4317-a184-d2407bf25c02,part,Seasonal Tire Changeover,Seasonal Tire Changeover - Quality automotive part,1,39.99,26,PN-SEASONAL,Local Supplier,engine,,12 months
d5e1aefa-87f4-4317-a184-d2407bf25c02,discount,Seasonal Tire Changeover Off Rim,Seasonal Tire Changeover Off Rim - Automotive service,1,79.99,52,,,engine,,
d5e1aefa-87f4-4317-a184-d2407bf25c02,discount,Seasonal Tire Changeover Off Rim - Low Profile,Seasonal Tire Changeover Off Rim - Low Profile - Automotive service,1,50,33,,,engine,,
d5e1aefa-87f4-4317-a184-d2407bf25c02,discount,Seasonal Tire Changeover Off Rim - Tesla,Seasonal Tire Changeover Off Rim - Tesla - Automotive service,1,118,77,,,engine,,
d5e1aefa-87f4-4317-a184-d2407bf25c02,part,Seasonal Tire Changeover with Balancing,Seasonal Tire Changeover with Balancing - Quality automotive part,1,59.99,39,PN-SEASONAL,Local Supplier,engine,,12 months
d5e1aefa-87f4-4317-a184-d2407bf25c02,part,Seat Adjusting Switch Replacement,Seat Adjusting Switch Replacement - Quality automotive part,1,50,33,PN-SEATADJU,Local Supplier,engine,,12 months
d5e1aefa-87f4-4317-a184-d2407bf25c02,part,Seat Belt Replacement,Seat Belt Replacement - Quality automotive part,1,50,33,PN-SEATBELT,Local Supplier,engine,,12 months
d5e1aefa-87f4-4317-a184-d2407bf25c02,part,Seat Switch Replacement,Seat Switch Replacement - Quality automotive part,1,50,33,PN-SEATSWIT,Local Supplier,engine,,12 months
d5e1aefa-87f4-4317-a184-d2407bf25c02,part,Secondary Air Injection Check Valve Replacement,Secondary Air Injection Check Valve Replacement - Quality automotive part,1,50,33,PN-SECONDAR,Local Supplier,engine,,12 months
d5e1aefa-87f4-4317-a184-d2407bf25c02,part,Secondary Air Injection Pump Replacement,Secondary Air Injection Pump Replacement - Quality automotive part,1,50,33,PN-SECONDAR,Local Supplier,engine,,12 months
d5e1aefa-87f4-4317-a184-d2407bf25c02,part,Seconday Air Pump Replacement,Seconday Air Pump Replacement - Quality automotive part,1,50,33,PN-SECONDAY,Local Supplier,engine,,12 months
d5e1aefa-87f4-4317-a184-d2407bf25c02,part,Serpentine Belt Replacement,Serpentine Belt Replacement - Quality automotive part,1,50,33,PN-SERPENTI,Local Supplier,engine,,12 months
d5e1aefa-87f4-4317-a184-d2407bf25c02,part,Serpentine Belt Tensioner Replacement,Serpentine Belt Tensioner Replacement - Quality automotive part,1,100,65,PN-SERPENTI,Local Supplier,engine,,12 months
d5e1aefa-87f4-4317-a184-d2407bf25c02,fee,Service Charge,Service Charge - Service fee,1,50,33,,,engine,,
d5e1aefa-87f4-4317-a184-d2407bf25c02,part,Service On Front Brakes,Service On Front Brakes - Quality automotive part,1,50,33,PN-SERVICEO,Local Supplier,engine,,12 months
d5e1aefa-87f4-4317-a184-d2407bf25c02,part,Shifter Assembly Replacement,Shifter Assembly Replacement - Quality automotive part,1,50,33,PN-SHIFTERA,Local Supplier,engine,,12 months
d5e1aefa-87f4-4317-a184-d2407bf25c02,part,Shifter Cable Replacement,Shifter Cable Replacement - Quality automotive part,1,50,33,PN-SHIFTERC,Local Supplier,engine,,12 months
d5e1aefa-87f4-4317-a184-d2407bf25c02,part,Shock Bellows Replacement,Shock Bellows Replacement - Quality automotive part,1,50,33,PN-SHOCKBEL,Local Supplier,engine,,12 months
d5e1aefa-87f4-4317-a184-d2407bf25c02,part,Side View Mirror Replacement,Side View Mirror Replacement - Quality automotive part,1,50,33,PN-SIDEVIEW,Local Supplier,engine,,12 months
d5e1aefa-87f4-4317-a184-d2407bf25c02,part,Skid Plate Fix,Skid Plate Fix - Quality automotive part,1,50,33,PN-SKIDPLAT,Local Supplier,transmission,,12 months
d5e1aefa-87f4-4317-a184-d2407bf25c02,part,Skid Plate Removal,Skid Plate Removal - Quality automotive part,1,50,33,PN-SKIDPLAT,Local Supplier,transmission,,12 months
d5e1aefa-87f4-4317-a184-d2407bf25c02,part,Skid Plate and Engine Cover Replacement,Skid Plate and Engine Cover Replacement - Quality automotive part,1,50,33,PN-SKIDPLAT,Local Supplier,engine,,12 months
d5e1aefa-87f4-4317-a184-d2407bf25c02,labor,Smoke Test,Professional smoke test service,1,50,33,,,maintenance,1.5,
d5e1aefa-87f4-4317-a184-d2407bf25c02,labor,Smoke Test,Professional smoke test service,1,50,33,,,maintenance,1.5,
d5e1aefa-87f4-4317-a184-d2407bf25c02,part,Spare Tire Installation,Spare Tire Installation - Quality automotive part,1,19.99,13,PN-SPARETIR,Local Supplier,brakes,,12 months
d5e1aefa-87f4-4317-a184-d2407bf25c02,package,Spark Plug Wire Set Replacement,Spark Plug Wire Set Replacement - Service package with multiple components,1,50,33,,,engine,1.5,
d5e1aefa-87f4-4317-a184-d2407bf25c02,labor,Spark Plugs Replacement,Professional spark plugs replacement service,1,24.99,16,,,engine,1.5,
d5e1aefa-87f4-4317-a184-d2407bf25c02,labor,Spark Plugs and 1 Ignition Coil Replacement,Professional spark plugs and 1 ignition coil replacement service,1,50,33,,,engine,1.5,
d5e1aefa-87f4-4317-a184-d2407bf25c02,labor,Spindle Replacement,Professional spindle replacement service,1,50,33,,,engine,1.5,
d5e1aefa-87f4-4317-a184-d2407bf25c02,part,Starter Replacement,Starter Replacement - Quality automotive part,1,549.99,357,PN-STARTERR,Local Supplier,engine,,12 months
d5e1aefa-87f4-4317-a184-d2407bf25c02,part,Steering Pressure Line Repair,Steering Pressure Line Repair - Quality automotive part,1,50,33,PN-STEERING,Local Supplier,engine,,12 months
d5e1aefa-87f4-4317-a184-d2407bf25c02,labor,Subframe Fixing,Professional subframe fixing service,1,50,33,,,general,1.5,
d5e1aefa-87f4-4317-a184-d2407bf25c02,labor,Subframe Replacement,Professional subframe replacement service,1,50,33,,,engine,1.5,
d5e1aefa-87f4-4317-a184-d2407bf25c02,part,Sunroof Motor Replacement,Sunroof Motor Replacement - Quality automotive part,1,50,33,PN-SUNROOFM,Local Supplier,engine,,12 months
d5e1aefa-87f4-4317-a184-d2407bf25c02,part,Suspension Valve Block,Suspension Valve Block - Quality automotive part,1,50,33,PN-SUSPENSI,Local Supplier,suspension,,12 months
d5e1aefa-87f4-4317-a184-d2407bf25c02,part,Sway Bar Bushing Replacement,Sway Bar Bushing Replacement - Quality automotive part,1,319.99,208,PN-SWAYBARB,Local Supplier,engine,,12 months
d5e1aefa-87f4-4317-a184-d2407bf25c02,part,Sway Bar Links Replacement,Sway Bar Links Replacement - Quality automotive part,1,99.99,65,PN-SWAYBARL,Local Supplier,engine,,12 months
d5e1aefa-87f4-4317-a184-d2407bf25c02,part,TPMS Sensor,TPMS Sensor - Quality automotive part,1,50,33,PN-TPMSSENS,Local Supplier,air_conditioning,,12 months
d5e1aefa-87f4-4317-a184-d2407bf25c02,part,TPMS Valve Only,TPMS Valve Only - Quality automotive part,1,50,33,PN-TPMSVALV,Local Supplier,air_conditioning,,12 months
d5e1aefa-87f4-4317-a184-d2407bf25c02,labor,Tail Gate Handle Replacement,Professional tail gate handle replacement service,1,50,33,,,engine,1.5,
d5e1aefa-87f4-4317-a184-d2407bf25c02,part,Tail Light Replacement,Tail Light Replacement - Quality automotive part,1,50,33,PN-TAILLIGH,Local Supplier,engine,,12 months
d5e1aefa-87f4-4317-a184-d2407bf25c02,part,Tailgate Actuator Replacement,Tailgate Actuator Replacement - Quality automotive part,1,50,33,PN-TAILGATE,Local Supplier,engine,,12 months
d5e1aefa-87f4-4317-a184-d2407bf25c02,labor,Tailgate Replacement,Professional tailgate replacement service,1,50,33,,,engine,1.5,
d5e1aefa-87f4-4317-a184-d2407bf25c02,labor,Tailgate Support Replacement,Professional tailgate support replacement service,1,50,33,,,engine,1.5,
d5e1aefa-87f4-4317-a184-d2407bf25c02,part,"Temperature Door, Center","Temperature Door, Center - Quality automotive part",1,50,33,PN-TEMPERAT,Local Supplier,suspension,,12 months
d5e1aefa-87f4-4317-a184-d2407bf25c02,part,"Temperature Door, Left Side","Temperature Door, Left Side - Quality automotive part",1,50,33,PN-TEMPERAT,Local Supplier,suspension,,12 months
d5e1aefa-87f4-4317-a184-d2407bf25c02,part,"Temperature Door, Right Side","Temperature Door, Right Side - Quality automotive part",1,50,33,PN-TEMPERAT,Local Supplier,suspension,,12 months
d5e1aefa-87f4-4317-a184-d2407bf25c02,labor,Thermostat Replacement,Professional thermostat replacement service,1,50,33,,,engine,1.5,
d5e1aefa-87f4-4317-a184-d2407bf25c02,part,Thermostat and Coolant Temperature Sensor Replacmenet,Thermostat and Coolant Temperature Sensor Replacmenet - Quality automotive part,1,50,33,PN-THERMOST,Local Supplier,engine,,12 months
d5e1aefa-87f4-4317-a184-d2407bf25c02,labor,Thermostat with Housing Replacement,Professional thermostat with housing replacement service,1,359.99,234,,,engine,1.5,
d5e1aefa-87f4-4317-a184-d2407bf25c02,part,Third Brake Light Replacement,Third Brake Light Replacement - Quality automotive part,1,50,33,PN-THIRDBRA,Local Supplier,engine,,12 months
d5e1aefa-87f4-4317-a184-d2407bf25c02,labor,Throttle Body Replacement,Professional throttle body replacement service,1,50,33,,,engine,1.5,
d5e1aefa-87f4-4317-a184-d2407bf25c02,labor,Throttle Body Service,Professional throttle body service service,1,50,33,,,engine,1.5,
d5e1aefa-87f4-4317-a184-d2407bf25c02,package,Timing Belt Kit,Timing Belt Kit - Service package with multiple components,1,50,33,,,engine,3,
d5e1aefa-87f4-4317-a184-d2407bf25c02,part,Timing Belt Tensioner Replacement,Timing Belt Tensioner Replacement - Quality automotive part,1,50,33,PN-TIMINGBE,Local Supplier,engine,,12 months
d5e1aefa-87f4-4317-a184-d2407bf25c02,part,Timing Chain Replacement Service,Timing Chain Replacement Service - Quality automotive part,1,50,33,PN-TIMINGCH,Local Supplier,engine,,12 months
d5e1aefa-87f4-4317-a184-d2407bf25c02,service,Timing nothing,Timing nothing - Complete service package,1,50,33,,,engine,5,
d5e1aefa-87f4-4317-a184-d2407bf25c02,fee,Tip,Tip - Service fee,1,25,16,,,fees,,
d5e1aefa-87f4-4317-a184-d2407bf25c02,part,Tire Balancing,Tire Balancing - Quality automotive part,1,14.99,10,PN-TIREBALA,Local Supplier,tires,,12 months
d5e1aefa-87f4-4317-a184-d2407bf25c02,part,Tire Change & Balancing,Tire Change & Balancing - Quality automotive part,1,19.99,13,PN-TIRECHAN,Local Supplier,engine,,12 months
d5e1aefa-87f4-4317-a184-d2407bf25c02,part,Tire Change On Rim,Tire Change On Rim - Quality automotive part,1,50,33,PN-TIRECHAN,Local Supplier,engine,,12 months
d5e1aefa-87f4-4317-a184-d2407bf25c02,discount,Tire Changeover Off Rim,Tire Changeover Off Rim - Automotive service,1,50,33,,,engine,,
d5e1aefa-87f4-4317-a184-d2407bf25c02,part,Tire Plug,Tire Plug - Quality automotive part,1,19.99,13,PN-TIREPLUG,Local Supplier,electrical,,12 months
d5e1aefa-87f4-4317-a184-d2407bf25c02,part,Tire Rotation,Tire Rotation - Quality automotive part,1,50,33,PN-TIREROTA,Local Supplier,tires,,12 months
d5e1aefa-87f4-4317-a184-d2407bf25c02,part,Tire Rotation with Balancing,Tire Rotation with Balancing - Quality automotive part,1,59.99,39,PN-TIREROTA,Local Supplier,tires,,12 months
d5e1aefa-87f4-4317-a184-d2407bf25c02,part,Tire Seal Leak Repair Service,Tire Seal Leak Repair Service - Quality automotive part,1,39.99,26,PN-TIRESEAL,Local Supplier,engine,,12 months
d5e1aefa-87f4-4317-a184-d2407bf25c02,part,Tire Valve Stem,Tire Valve Stem - Quality automotive part,1,100,65,PN-TIREVALV,Local Supplier,air_conditioning,,12 months
d5e1aefa-87f4-4317-a184-d2407bf25c02,part,Tire Valve Stem Replacement,Tire Valve Stem Replacement - Quality automotive part,1,39.99,26,PN-TIREVALV,Local Supplier,engine,,12 months
d5e1aefa-87f4-4317-a184-d2407bf25c02,fee,Tow Service,Tow Service - Service fee,1,79.99,52,,,engine,,
d5e1aefa-87f4-4317-a184-d2407bf25c02,part,Trail Bushings Replacement,Trail Bushings Replacement - Quality automotive part,1,50,33,PN-TRAILBUS,Local Supplier,engine,,12 months
d5e1aefa-87f4-4317-a184-d2407bf25c02,part,Trailing Arms Replacement,Trailing Arms Replacement - Quality automotive part,1,50,33,PN-TRAILING,Local Supplier,engine,,12 months
d5e1aefa-87f4-4317-a184-d2407bf25c02,labor,Transfer Case Oil Replacement,Professional transfer case oil replacement service,1,50,33,,,engine,1.5,
d5e1aefa-87f4-4317-a184-d2407bf25c02,labor,Transmission Fluid Change Service,Professional transmission fluid change service service,1,179.99,117,,,engine,0.5,
d5e1aefa-87f4-4317-a184-d2407bf25c02,discount,Transmission Fluid Top-Up,Transmission Fluid Top-Up - Discount/Coupon,1,1,,,,discounts,,
d5e1aefa-87f4-4317-a184-d2407bf25c02,part,Transmission Lines Repair,Transmission Lines Repair - Quality automotive part,1,50,33,PN-TRANSMIS,Local Supplier,engine,,12 months
d5e1aefa-87f4-4317-a184-d2407bf25c02,part,Transmission Oil Cooler Line Replacement,Transmission Oil Cooler Line Replacement - Quality automotive part,1,50,33,PN-TRANSMIS,Local Supplier,engine,,12 months
d5e1aefa-87f4-4317-a184-d2407bf25c02,labor,Transmission Oil Cooler Replacement,Professional transmission oil cooler replacement service,1,50,33,,,engine,5,
d5e1aefa-87f4-4317-a184-d2407bf25c02,part,Transmission Oil Filter Replacement,Transmission Oil Filter Replacement - Quality automotive part,1,50,33,PN-TRANSMIS,Local Supplier,engine,,12 months
d5e1aefa-87f4-4317-a184-d2407bf25c02,labor,Transmission Oil Pan Replacement,Professional transmission oil pan replacement service,1,50,33,,,engine,5,
d5e1aefa-87f4-4317-a184-d2407bf25c02,part,Transmission Oil Pan Seal,Transmission Oil Pan Seal - Quality automotive part,1,50,33,PN-TRANSMIS,Local Supplier,engine,,12 months
d5e1aefa-87f4-4317-a184-d2407bf25c02,labor,Transmission Replacement,Professional transmission replacement service,1,50,33,,,engine,5,
d5e1aefa-87f4-4317-a184-d2407bf25c02,part,Transmission Valve Body Cover Replacement,Transmission Valve Body Cover Replacement - Quality automotive part,1,50,33,PN-TRANSMIS,Local Supplier,engine,,12 months
d5e1aefa-87f4-4317-a184-d2407bf25c02,part,Transmission oil pressure switch,Transmission oil pressure switch - Quality automotive part,1,50,33,PN-TRANSMIS,Local Supplier,engine,,12 months
d5e1aefa-87f4-4317-a184-d2407bf25c02,service,Trunk Lid Supports,Trunk Lid Supports - Complete service package,1,50,33,,,electrical,1.5,
d5e1aefa-87f4-4317-a184-d2407bf25c02,part,Trunk Release Cable Replacement,Trunk Release Cable Replacement - Quality automotive part,1,50,33,PN-TRUNKREL,Local Supplier,engine,,12 months
d5e1aefa-87f4-4317-a184-d2407bf25c02,labor,Tune Up,Professional tune up service,1,119.99,78,,,general,1.5,
d5e1aefa-87f4-4317-a184-d2407bf25c02,fee,Turbo Charger Cooler Lines Replacement,Turbo Charger Cooler Lines Replacement - Service fee,1,50,33,,,engine,,
d5e1aefa-87f4-4317-a184-d2407bf25c02,part,Turbo Wastegate Actuator Replacement,Turbo Wastegate Actuator Replacement - Quality automotive part,1,50,33,PN-TURBOWAS,Local Supplier,engine,,12 months
d5e1aefa-87f4-4317-a184-d2407bf25c02,fee,Turbocharger Replacement,Turbocharger Replacement - Service fee,1,50,33,,,engine,,
d5e1aefa-87f4-4317-a184-d2407bf25c02,part,Turn Signal Light Bulb Replacment,Turn Signal Light Bulb Replacment - Quality automotive part,1,19.99,13,PN-TURNSIGN,Local Supplier,air_conditioning,,12 months
d5e1aefa-87f4-4317-a184-d2407bf25c02,labor,Ultra Premium Full Synthetic Oil Change - 0W40,Professional ultra premium full synthetic oil change - 0w40 service,1,119.99,78,,,engine,1.5,
d5e1aefa-87f4-4317-a184-d2407bf25c02,labor,Ultra Premium Full Synthetic Oil Change - 5W30,Professional ultra premium full synthetic oil change - 5w30 service,1,119.99,78,,,engine,1.5,
d5e1aefa-87f4-4317-a184-d2407bf25c02,labor,Ultra Premium Full Synthetic Oil Change - 5W40,Professional ultra premium full synthetic oil change - 5w40 service,1,119.99,78,,,engine,1.5,
d5e1aefa-87f4-4317-a184-d2407bf25c02,package,Ultra Premium oil Change Package - 5L,Ultra Premium oil Change Package - 5L - Service package with multiple components,1,119.99,78,,,engine,3,
d5e1aefa-87f4-4317-a184-d2407bf25c02,service,Undercoat,Undercoat - Complete service package,1,50,33,,,general,1.5,
d5e1aefa-87f4-4317-a184-d2407bf25c02,part,Upper Control Arm Replacement,Upper Control Arm Replacement - Quality automotive part,1,50,33,PN-UPPERCON,Local Supplier,engine,,12 months
d5e1aefa-87f4-4317-a184-d2407bf25c02,part,Used Tire,Used Tire - Quality automotive part,1,50,33,PN-USEDTIRE,Local Supplier,tires,,12 months
d5e1aefa-87f4-4317-a184-d2407bf25c02,part,V Belt Replacement,V Belt Replacement - Quality automotive part,1,50,33,PN-VBELTREP,Local Supplier,engine,,12 months
d5e1aefa-87f4-4317-a184-d2407bf25c02,labor,VVT Solenoid Replacement (Exhaust),Professional vvt solenoid replacement (exhaust) service,1,50,33,,,engine,1.5,
d5e1aefa-87f4-4317-a184-d2407bf25c02,labor,VVT Solinoid Replacement,Professional vvt solinoid replacement service,1,50,33,,,engine,1.5,
d5e1aefa-87f4-4317-a184-d2407bf25c02,labor,VVT Sprocket Replacement,Professional vvt sprocket replacement service,1,50,33,,,engine,1.5,
d5e1aefa-87f4-4317-a184-d2407bf25c02,part,Vaccum Pump Replacement,Vaccum Pump Replacement - Quality automotive part,1,50,33,PN-VACCUMPU,Local Supplier,engine,,12 months
d5e1aefa-87f4-4317-a184-d2407bf25c02,part,Valve Cover Gasket Replacement,Valve Cover Gasket Replacement - Quality automotive part,1,259.99,169,PN-VALVECOV,Local Supplier,engine,,12 months
d5e1aefa-87f4-4317-a184-d2407bf25c02,part,Valve Cover Replacement,Valve Cover Replacement - Quality automotive part,1,50,33,PN-VALVECOV,Local Supplier,engine,,12 months
d5e1aefa-87f4-4317-a184-d2407bf25c02,part,Valve Solenoid Replacement,Valve Solenoid Replacement - Quality automotive part,1,50,33,PN-VALVESOL,Local Supplier,engine,,12 months
d5e1aefa-87f4-4317-a184-d2407bf25c02,service,Vapor Canister Purge Solenoid,Vapor Canister Purge Solenoid - Complete service package,1,50,33,,,engine,1.5,
d5e1aefa-87f4-4317-a184-d2407bf25c02,part,Vehicle Speed Sensor Replacement,Vehicle Speed Sensor Replacement - Quality automotive part,1,50,33,PN-VEHICLES,Local Supplier,engine,,12 months
d5e1aefa-87f4-4317-a184-d2407bf25c02,labor,Washer Fluid Nozzles Replacement,Professional washer fluid nozzles replacement service,1,50,33,,,engine,0.5,
d5e1aefa-87f4-4317-a184-d2407bf25c02,part,Washer Fluid Pump Replacement,Washer Fluid Pump Replacement - Quality automotive part,1,50,33,PN-WASHERFL,Local Supplier,engine,,12 months
d5e1aefa-87f4-4317-a184-d2407bf25c02,labor,Washer Fluid Reservoir Replacement,Professional washer fluid reservoir replacement service,1,50,33,,,engine,0.5,
d5e1aefa-87f4-4317-a184-d2407bf25c02,part,Water Pump Replacement,Water Pump Replacement - Quality automotive part,1,50,33,PN-WATERPUM,Local Supplier,engine,,12 months
d5e1aefa-87f4-4317-a184-d2407bf25c02,part,Wheel Balancing,Wheel Balancing - Quality automotive part,1,50,33,PN-WHEELBAL,Local Supplier,tires,,12 months
d5e1aefa-87f4-4317-a184-d2407bf25c02,part,Wheel Bearing Replacement,Wheel Bearing Replacement - Quality automotive part,1,349.99,227,PN-WHEELBEA,Local Supplier,engine,,12 months
d5e1aefa-87f4-4317-a184-d2407bf25c02,part,Wheel Brake Cylinder Replacement,Wheel Brake Cylinder Replacement - Quality automotive part,1,50,33,PN-WHEELBRA,Local Supplier,engine,,12 months
d5e1aefa-87f4-4317-a184-d2407bf25c02,part,Wheel Hub Assembly Replacement,Wheel Hub Assembly Replacement - Quality automotive part,1,349.99,227,PN-WHEELHUB,Local Supplier,engine,,12 months
d5e1aefa-87f4-4317-a184-d2407bf25c02,part,Wheel Lock/Nut Extraction,Wheel Lock/Nut Extraction - Quality automotive part,1,79.99,52,PN-WHEELLOC,Local Supplier,air_conditioning,,12 months
d5e1aefa-87f4-4317-a184-d2407bf25c02,part,Wheel Spacers Installation,Wheel Spacers Installation - Quality automotive part,1,50,33,PN-WHEELSPA,Local Supplier,brakes,,12 months
d5e1aefa-87f4-4317-a184-d2407bf25c02,part,Wheel Speed Sensor (ABS),Wheel Speed Sensor (ABS) - Quality automotive part,1,50,33,PN-WHEELSPE,Local Supplier,air_conditioning,,12 months
d5e1aefa-87f4-4317-a184-d2407bf25c02,part,Wheel Speed Sensor Connectore Replacemnet,Wheel Speed Sensor Connectore Replacemnet - Quality automotive part,1,50,33,PN-WHEELSPE,Local Supplier,air_conditioning,,12 months
d5e1aefa-87f4-4317-a184-d2407bf25c02,part,Wheel Stud Replacement,Wheel Stud Replacement - Quality automotive part,1,79.99,52,PN-WHEELSTU,Local Supplier,engine,,12 months
d5e1aefa-87f4-4317-a184-d2407bf25c02,labor,Window Glass Replacement,Professional window glass replacement service,1,50,33,,,engine,1.5,
d5e1aefa-87f4-4317-a184-d2407bf25c02,part,Window Regulator Motor Replacement,Window Regulator Motor Replacement - Quality automotive part,1,50,33,PN-WINDOWRE,Local Supplier,engine,,12 months
d5e1aefa-87f4-4317-a184-d2407bf25c02,labor,Window Regulator Replacement,Professional window regulator replacement service,1,50,33,,,engine,1.5,
d5e1aefa-87f4-4317-a184-d2407bf25c02,part,Window Regulator and Motor Assembly (Front Left),Window Regulator and Motor Assembly (Front Left) - Quality automotive part,1,50,33,PN-WINDOWRE,Local Supplier,suspension,,12 months
d5e1aefa-87f4-4317-a184-d2407bf25c02,part,Window Regulator and Motor Assembly (Front Right),Window Regulator and Motor Assembly (Front Right) - Quality automotive part,1,50,33,PN-WINDOWRE,Local Supplier,suspension,,12 months
d5e1aefa-87f4-4317-a184-d2407bf25c02,labor,Windshield Replacement,Professional windshield replacement service,1,50,33,,,engine,1.5,
d5e1aefa-87f4-4317-a184-d2407bf25c02,part,Windshield Wiper Motor Replacement,Windshield Wiper Motor Replacement - Quality automotive part,1,50,33,PN-WINDSHIE,Local Supplier,engine,,12 months
d5e1aefa-87f4-4317-a184-d2407bf25c02,part,"Winter Steele Rims, Black","Winter Steele Rims, Black - Quality automotive part",1,50,33,PN-WINTERST,Local Supplier,air_conditioning,,12 months
d5e1aefa-87f4-4317-a184-d2407bf25c02,part,Wiper Arm,Wiper Arm - Quality automotive part,1,50,33,PN-WIPERARM,Local Supplier,suspension,,12 months
d5e1aefa-87f4-4317-a184-d2407bf25c02,labor,Wiper Blades Replacement,Professional wiper blades replacement service,1,24.99,16,,,engine,1.5,
d5e1aefa-87f4-4317-a184-d2407bf25c02,labor,Wiper Transmission Replacement,Professional wiper transmission replacement service,1,50,33,,,engine,5,
d5e1aefa-87f4-4317-a184-d2407bf25c02,part,abs light on,abs light on - Quality automotive part,1,50,33,PN-ABSLIGHT,Local Supplier,electrical,,12 months
d5e1aefa-87f4-4317-a184-d2407bf25c02,part,air hose,air hose - Quality automotive part,1,50,33,PN-AIRHOSE,Local Supplier,transmission,,12 months
d5e1aefa-87f4-4317-a184-d2407bf25c02,service,body,body - Complete service package,1,50,33,,,air_conditioning,1.5,
d5e1aefa-87f4-4317-a184-d2407bf25c02,labor,condenser Replacement,Professional condenser replacement service,1,50,33,,,engine,1.5,
d5e1aefa-87f4-4317-a184-d2407bf25c02,labor,oil flush,Professional oil flush service,1,50,33,,,engine,1.5,
d5e1aefa-87f4-4317-a184-d2407bf25c02,part,380-wiper linkesh,380-wiper linkesh - Quality automotive part,1,50,33,PN-380WIPER,Local Supplier,general,,12 months